amount,velocity,device_change,location_change,transaction_frequency,merchant_category,fraud
7039.02,3,0,0,4,GROCERY,0
45151.82,1,1,0,1,SHOPPING,1
19751.19,3,0,0,5,FOOD,0
13694.14,2,1,1,5,CRYPTO,1
2544.37,2,1,0,4,GROCERY,0
2543.94,1,0,0,1,SHOPPING,0
897.58,4,0,0,4,OTHER,0
30168.46,5,0,0,4,SHOPPING,0
13786.23,2,0,0,5,GROCERY,0
18468.75,3,0,0,5,FOOD,0
311.99,6,0,0,6,TRAVEL,1
52553.36,2,0,0,3,GROCERY,0
26796.44,3,0,0,8,OTHER,0
3580.31,3,0,0,5,TRAVEL,0
3010.18,1,0,0,5,ELECTRONICS,0
3039.17,2,0,0,3,SHOPPING,0
5441.31,5,0,0,3,OTHER,0
11158.92,1,1,0,4,TRAVEL,1
8483.06,3,0,0,3,ELECTRONICS,0
5163.34,3,0,0,2,CRYPTO,0
14195.56,3,0,0,3,CRYPTO,0
2253.52,2,0,0,6,GROCERY,0
5182.73,2,0,0,4,FOOD,0
6844.16,2,0,0,5,FOOD,0
9134.02,1,1,0,8,GROCERY,0
23069.04,1,0,0,2,CRYPTO,0
3341.04,1,0,0,8,FOOD,0
10830.44,1,0,0,6,FOOD,0
13462.57,2,0,0,7,GROCERY,0
713.46,3,0,1,3,OTHER,0
14030.0,1,0,0,1,GAMING,0
2804.42,3,1,0,7,TRAVEL,0
1008.96,1,0,0,3,GAMING,0
44605.32,1,0,0,3,GAMING,0
50559.46,6,0,0,2,ELECTRONICS,0
24784.97,4,0,0,4,GROCERY,0
5449.32,2,0,0,3,ELECTRONICS,0
1541.66,4,0,0,2,TRAVEL,0
17291.26,4,1,0,6,ELECTRONICS,0
8701.36,1,0,0,4,SHOPPING,0
1952.28,3,0,0,2,OTHER,0
10253.21,3,1,0,2,TRAVEL,0
524.91,6,0,0,7,TRAVEL,0
36006.34,1,0,0,3,CRYPTO,0
4491.87,4,0,0,7,SHOPPING,0
16293.84,2,0,1,3,FOOD,0
5603.2,2,0,0,3,SHOPPING,0
11011.66,2,0,0,1,TRAVEL,0
11868.36,2,0,0,6,FOOD,0
3065.83,2,0,0,2,ELECTRONICS,0
52392.11,1,0,0,2,GAMING,0
22383.68,1,1,0,5,TRAVEL,1
42076.42,3,0,0,4,SHOPPING,0
33782.28,4,0,0,5,FOOD,1
13665.82,6,0,1,4,OTHER,1
38241.53,4,0,0,7,GAMING,0
1389.83,2,1,0,2,SHOPPING,1
3272.02,2,0,0,4,ELECTRONICS,0
694.23,6,0,0,2,FOOD,0
5902.98,3,0,0,6,GROCERY,0
7381.95,3,0,0,10,FOOD,0
4748.41,2,0,0,2,GROCERY,0
26468.37,1,1,0,3,SHOPPING,0
6618.4,2,0,0,7,TRAVEL,0
4947.04,2,1,0,1,SHOPPING,0
11736.11,2,0,0,11,SHOPPING,0
2278.47,4,1,0,4,GROCERY,0
24307.25,1,0,1,4,GAMING,0
1162.14,2,1,0,6,GROCERY,0
65012.2,3,0,0,4,TRAVEL,0
22192.26,6,1,0,3,SHOPPING,1
3323.09,3,0,0,5,GROCERY,0
100.0,2,0,1,5,SHOPPING,0
25348.45,3,0,0,7,GAMING,0
18406.44,2,1,0,5,SHOPPING,0
19584.94,3,0,0,5,SHOPPING,0
22128.22,2,0,0,6,GROCERY,0
1153.94,1,0,0,2,TRAVEL,0
6658.39,3,0,0,5,GAMING,0
1847.25,4,0,0,5,TRAVEL,0
29827.94,2,0,0,5,GROCERY,0
14644.52,2,0,0,5,ELECTRONICS,0
6027.28,1,0,0,5,GROCERY,0
985.02,1,1,0,3,CRYPTO,1
5587.33,1,1,0,3,OTHER,1
5899.71,1,0,0,4,TRAVEL,0
19618.14,2,0,0,1,OTHER,0
15223.34,2,0,0,6,GROCERY,0
32733.78,1,0,0,1,FOOD,0
9585.99,4,0,0,1,FOOD,0
1910.59,4,0,0,3,GAMING,0
18736.9,4,0,0,4,SHOPPING,0
21455.89,2,0,0,2,FOOD,0
12358.31,1,0,0,3,GROCERY,0
22108.35,2,0,0,4,GAMING,0
10212.22,1,0,0,5,GROCERY,0
11095.18,1,0,0,4,FOOD,0
8367.21,2,0,0,4,FOOD,0
386.22,1,0,0,5,GROCERY,0
1712.51,5,0,0,6,GROCERY,0
479.01,2,0,0,4,SHOPPING,0
15175.94,3,0,0,2,SHOPPING,0
5660.95,2,0,0,5,SHOPPING,0
10656.56,4,0,0,5,ELECTRONICS,0
35718.98,1,0,0,3,OTHER,0
4301.08,4,0,0,3,GROCERY,0
7924.23,5,0,0,3,GROCERY,0
21131.24,2,0,0,2,FOOD,0
3897.08,3,0,0,3,SHOPPING,0
1201.56,4,0,0,5,GROCERY,0
5132.1,2,1,0,5,ELECTRONICS,0
2637.13,1,0,1,1,TRAVEL,0
39824.25,4,0,0,4,ELECTRONICS,0
24763.31,2,0,1,1,SHOPPING,0
15052.41,4,0,0,5,SHOPPING,0
30772.8,3,0,0,6,GAMING,0
24419.53,3,0,0,4,FOOD,0
3097.43,4,1,0,1,SHOPPING,0
33462.2,3,0,0,5,GROCERY,0
11626.5,1,0,0,4,TRAVEL,0
24710.22,2,0,0,2,CRYPTO,0
33963.64,2,0,0,4,GROCERY,0
5740.96,3,1,0,2,TRAVEL,1
1748.88,4,0,0,5,CRYPTO,0
3880.3,1,0,1,5,SHOPPING,1
8355.87,1,1,0,4,FOOD,0
25557.45,3,0,0,5,OTHER,0
29570.17,1,0,0,2,GROCERY,1
104.65,3,1,0,10,FOOD,0
10723.14,1,0,0,3,OTHER,0
8104.1,1,0,0,1,FOOD,0
3767.51,2,0,0,7,GAMING,1
1915.21,1,1,0,3,FOOD,0
6178.63,2,1,0,1,GAMING,0
42946.82,1,0,0,7,ELECTRONICS,0
5855.76,4,1,0,4,SHOPPING,0
10971.79,1,0,0,2,SHOPPING,0
18211.3,2,0,0,4,GROCERY,0
6779.62,5,0,0,5,GROCERY,0
53516.97,1,0,0,4,ELECTRONICS,0
49230.15,1,0,0,4,CRYPTO,0
4350.92,3,0,0,1,ELECTRONICS,0
10314.89,2,0,0,3,OTHER,0
5368.96,4,1,0,4,OTHER,0
5028.75,3,0,0,3,GAMING,0
563.77,3,1,0,4,OTHER,0
14107.38,4,1,0,1,GROCERY,0
10477.79,1,0,0,5,ELECTRONICS,1
792.77,2,0,0,3,GAMING,0
4899.39,2,0,0,7,GROCERY,0
35832.91,2,0,0,3,OTHER,0
4107.91,3,0,0,3,GROCERY,0
2347.96,3,0,0,6,SHOPPING,0
10084.08,5,0,0,4,GROCERY,0
63660.55,1,0,1,2,SHOPPING,1
4157.17,1,0,0,3,SHOPPING,0
16727.33,2,0,0,7,TRAVEL,0
21508.31,2,0,0,1,GAMING,0
4070.0,1,1,0,6,GAMING,0
19541.23,2,0,0,7,ELECTRONICS,0
6877.84,1,1,0,6,GROCERY,0
15007.56,4,0,0,5,SHOPPING,0
15057.57,1,0,1,8,GAMING,1
11510.78,1,0,0,3,ELECTRONICS,0
1419.44,3,0,0,2,ELECTRONICS,0
27054.67,2,0,0,3,FOOD,0
5802.15,3,1,0,3,FOOD,1
3096.48,2,0,0,3,OTHER,0
624.45,1,0,0,3,CRYPTO,0
13406.68,5,0,0,5,GROCERY,0
16977.78,3,0,0,1,SHOPPING,0
250.9,4,0,0,4,SHOPPING,0
10764.46,4,0,0,2,SHOPPING,0
3852.36,4,0,0,3,SHOPPING,0
15541.87,1,0,0,4,TRAVEL,0
2874.06,3,1,0,8,OTHER,0
17613.19,4,0,0,2,CRYPTO,0
7334.38,2,0,0,4,CRYPTO,0
41405.16,5,0,0,4,ELECTRONICS,0
2219.17,3,0,0,6,GROCERY,0
6256.99,4,0,0,5,SHOPPING,0
1806.66,2,0,0,2,SHOPPING,0
38792.86,1,0,0,4,CRYPTO,0
31475.01,3,0,0,5,OTHER,0
4474.91,1,0,0,2,SHOPPING,0
16181.44,2,0,0,4,FOOD,0
25492.26,1,0,0,7,FOOD,0
12151.99,2,0,0,3,TRAVEL,0
11314.19,1,0,0,2,FOOD,0
4153.16,3,0,0,5,OTHER,0
1465.89,2,1,0,3,SHOPPING,0
34126.85,5,0,0,4,OTHER,0
34601.62,1,0,0,3,GROCERY,0
15040.05,2,0,0,3,GROCERY,0
6210.7,3,0,0,8,SHOPPING,0
6443.51,6,0,0,4,CRYPTO,0
19416.98,4,1,0,4,SHOPPING,0
34111.46,1,0,0,5,CRYPTO,0
32716.99,2,0,0,2,SHOPPING,0
22703.43,1,0,0,3,CRYPTO,0
15409.66,3,0,0,2,FOOD,0
1318.38,3,0,0,1,SHOPPING,0
2644.41,2,0,0,5,FOOD,0
34323.46,4,0,0,3,FOOD,0
13987.41,3,0,1,5,SHOPPING,0
138.59,2,0,0,4,FOOD,1
1604.95,3,0,0,6,GAMING,0
16337.44,4,0,0,7,ELECTRONICS,0
100.0,3,0,0,4,SHOPPING,0
2629.74,1,0,0,5,OTHER,0
11935.47,1,0,0,1,OTHER,0
17659.73,2,1,0,2,OTHER,0
15831.62,2,1,1,4,TRAVEL,0
3809.25,1,0,0,9,SHOPPING,0
18681.26,5,0,0,3,FOOD,0
4062.36,3,1,0,4,GROCERY,0
5904.52,5,0,0,7,TRAVEL,0
20585.36,5,0,0,3,TRAVEL,0
15731.61,2,0,0,5,TRAVEL,0
28379.34,4,0,0,1,TRAVEL,0
16077.2,4,0,0,2,GROCERY,0
12600.66,3,0,0,1,ELECTRONICS,0
1475.36,4,0,0,5,SHOPPING,0
6876.24,1,0,0,2,SHOPPING,0
4622.4,2,0,0,6,SHOPPING,1
4195.5,3,0,1,3,GROCERY,0
54184.64,1,0,1,5,CRYPTO,1
7490.81,1,0,0,4,GROCERY,0
33390.83,4,0,0,2,TRAVEL,0
14960.02,4,0,0,3,OTHER,0
23757.38,4,0,0,3,FOOD,0
10476.53,1,0,0,1,SHOPPING,0
12902.34,3,0,0,5,SHOPPING,0
10174.4,4,0,0,2,GROCERY,0
3258.22,3,0,0,5,SHOPPING,0
19226.43,1,0,0,3,SHOPPING,0
4943.66,1,0,0,4,GROCERY,0
369.25,6,0,0,3,SHOPPING,0
15554.53,2,0,0,5,GROCERY,0
2924.0,4,0,0,6,OTHER,0
42316.25,4,0,1,7,ELECTRONICS,0
46163.44,3,0,0,4,GROCERY,0
36952.65,1,0,0,3,GAMING,0
6934.31,2,0,0,1,SHOPPING,0
233.66,3,0,1,1,FOOD,1
39532.85,5,0,0,3,FOOD,0
8384.07,1,0,0,4,TRAVEL,0
51012.63,1,0,1,6,GROCERY,1
49706.03,3,0,0,2,GROCERY,0
28760.81,4,0,0,4,TRAVEL,0
5231.64,3,1,0,4,OTHER,0
7294.38,3,0,0,4,SHOPPING,0
28570.9,4,0,0,5,SHOPPING,0
5717.19,4,0,1,3,OTHER,0
2785.78,5,1,0,1,FOOD,0
12206.05,2,1,0,4,FOOD,0
41269.4,2,0,0,6,OTHER,0
17862.38,4,0,0,4,TRAVEL,0
12661.69,1,0,0,10,GROCERY,0
1533.42,3,0,0,2,ELECTRONICS,0
14317.96,1,0,0,6,GAMING,0
69158.55,4,0,0,9,FOOD,0
2263.81,4,0,0,3,SHOPPING,0
10957.43,3,0,0,7,GROCERY,0
31479.13,5,0,0,3,TRAVEL,0
20250.51,2,0,0,3,ELECTRONICS,0
17911.12,3,0,0,5,GROCERY,0
18184.31,1,0,0,3,ELECTRONICS,0
6682.39,2,0,0,5,ELECTRONICS,1
5213.43,4,0,0,3,GROCERY,0
24860.62,3,0,1,1,TRAVEL,1
24919.92,2,0,0,4,TRAVEL,0
30269.25,2,0,0,5,SHOPPING,0
36669.24,5,1,0,5,OTHER,0
10741.4,3,1,1,9,FOOD,1
10442.77,6,0,0,6,GROCERY,0
24014.25,1,0,0,2,ELECTRONICS,0
15745.79,1,0,0,3,TRAVEL,0
18158.26,2,1,0,7,OTHER,1
23829.29,1,0,0,3,FOOD,0
33109.85,1,0,1,5,SHOPPING,0
6187.24,4,0,0,1,SHOPPING,0
7064.05,3,0,0,2,CRYPTO,0
1480.44,4,0,0,2,SHOPPING,0
12951.21,3,0,0,8,GAMING,0
549.06,2,0,0,8,GROCERY,0
9399.1,1,0,0,5,SHOPPING,0
11734.42,5,1,0,4,GROCERY,0
5064.46,2,1,0,6,OTHER,0
13404.49,2,0,0,3,GROCERY,0
464.63,3,0,0,7,SHOPPING,0
570.95,1,0,0,3,GROCERY,0
25940.27,2,1,0,8,OTHER,0
6698.78,1,0,0,6,TRAVEL,0
2038.34,2,0,0,5,OTHER,0
11079.8,4,0,1,4,GROCERY,0
22044.72,2,0,0,4,GROCERY,0
3646.77,1,0,0,4,SHOPPING,0
14628.29,2,0,0,3,TRAVEL,0
1338.17,6,0,1,4,FOOD,1
795.98,4,0,0,1,ELECTRONICS,0
11368.63,3,0,0,2,GROCERY,0
11668.66,3,0,0,2,TRAVEL,0
15218.06,1,1,0,7,SHOPPING,1
19424.41,2,1,0,4,SHOPPING,0
55853.36,1,0,0,5,TRAVEL,0
10894.37,1,1,0,3,GROCERY,0
5850.3,3,0,1,3,OTHER,0
23784.81,3,0,0,4,GAMING,0
4737.77,3,0,0,2,SHOPPING,0
8669.75,1,0,0,7,SHOPPING,0
1225.58,3,0,0,4,GROCERY,0
385.16,2,0,0,4,SHOPPING,0
49310.7,3,0,0,4,SHOPPING,0
27116.51,3,0,0,5,SHOPPING,0
17859.64,2,0,0,1,GAMING,0
7887.89,3,1,1,5,GROCERY,1
2854.6,4,0,0,5,GROCERY,0
2551.81,3,0,0,5,SHOPPING,0
4320.09,1,0,0,5,ELECTRONICS,0
11951.86,5,0,0,4,GROCERY,0
18807.74,2,0,0,4,SHOPPING,0
16190.86,1,0,0,6,FOOD,1
4926.18,1,0,0,2,GAMING,0
46471.55,1,0,0,4,SHOPPING,0
20085.26,4,0,0,1,CRYPTO,0
12123.46,2,0,0,2,SHOPPING,0
14190.46,2,0,0,3,GAMING,1
8160.57,4,0,0,1,ELECTRONICS,0
4269.92,1,0,0,3,GAMING,0
6600.21,1,0,0,4,GAMING,0
21272.73,2,0,0,4,SHOPPING,0
217.47,2,1,0,3,SHOPPING,0
1850.71,2,0,0,7,GAMING,0
706.42,3,0,0,4,SHOPPING,0
623.72,1,0,0,5,GROCERY,0
29013.05,1,0,0,3,CRYPTO,0
18243.61,4,0,0,4,SHOPPING,0
9641.77,1,0,0,3,GROCERY,0
1544.35,2,0,0,8,TRAVEL,0
10147.77,1,0,1,2,OTHER,0
9621.75,3,0,0,6,CRYPTO,1
2852.92,2,0,0,5,TRAVEL,0
8533.49,3,0,0,5,GROCERY,0
7625.05,2,0,1,1,ELECTRONICS,0
14350.84,1,0,0,6,TRAVEL,0
15121.72,4,1,0,3,FOOD,1
695.43,3,0,1,2,OTHER,1
7040.76,1,0,0,5,GROCERY,0
14746.87,1,0,0,1,SHOPPING,1
10491.59,4,0,1,1,GROCERY,0
29120.24,2,0,0,3,OTHER,0
16124.62,3,0,0,4,GROCERY,0
2667.79,1,1,0,3,SHOPPING,0
1097.74,3,0,0,3,CRYPTO,0
15425.91,3,0,0,4,FOOD,0
403.04,7,0,0,1,GROCERY,0
13220.21,4,0,0,2,GROCERY,0
42258.83,2,0,0,3,SHOPPING,0
12851.74,1,0,0,3,SHOPPING,0
7369.51,1,0,0,4,ELECTRONICS,0
15462.41,4,0,0,4,FOOD,0
9194.34,1,0,0,5,ELECTRONICS,0
11832.22,4,0,0,1,OTHER,0
42571.91,2,0,0,6,CRYPTO,0
7318.91,3,0,0,2,TRAVEL,0
48736.38,3,0,0,7,OTHER,0
35363.64,2,0,0,4,OTHER,0
3268.44,4,1,0,2,TRAVEL,0
1078.26,5,0,0,3,FOOD,0
1593.38,5,0,0,7,OTHER,0
275.85,1,0,0,5,CRYPTO,0
1488.08,3,0,0,2,GROCERY,0
17233.12,3,0,0,3,OTHER,0
1107.74,3,0,0,5,SHOPPING,0
5762.36,3,0,0,3,FOOD,0
27952.89,4,0,0,1,FOOD,0
353.21,3,0,0,6,FOOD,0
25267.96,1,1,1,8,SHOPPING,1
4966.25,2,0,0,6,TRAVEL,0
1886.25,1,1,0,2,SHOPPING,0
17897.33,1,1,0,5,SHOPPING,0
14870.99,3,0,0,5,ELECTRONICS,0
31491.24,2,0,0,2,GROCERY,0
19924.4,2,0,1,4,OTHER,1
24404.94,4,0,1,3,ELECTRONICS,0
4970.01,4,0,0,4,ELECTRONICS,0
2930.0,1,0,0,1,SHOPPING,0
20831.35,6,0,0,4,OTHER,0
24663.14,1,0,1,8,GROCERY,1
69855.07,2,0,0,6,GROCERY,0
7981.19,3,0,0,6,GAMING,0
6978.66,5,0,1,4,ELECTRONICS,0
22469.32,1,0,0,1,FOOD,0
6251.01,6,0,0,3,TRAVEL,0
40052.07,2,0,1,6,SHOPPING,0
29322.59,3,0,0,5,SHOPPING,0
8405.33,1,0,0,3,TRAVEL,0
20846.77,4,0,0,8,OTHER,0
21069.49,4,0,0,6,OTHER,0
1632.56,2,0,1,3,OTHER,0
34926.69,3,0,1,3,SHOPPING,0
10555.61,1,0,0,7,FOOD,0
26269.99,3,0,0,8,TRAVEL,0
5786.03,4,0,0,2,TRAVEL,0
33881.86,2,0,0,3,FOOD,0
7394.83,2,0,0,6,TRAVEL,0
163.45,5,0,0,2,TRAVEL,0
35368.61,5,0,0,5,OTHER,0
1435.88,1,0,0,2,FOOD,0
5769.8,1,1,1,5,ELECTRONICS,1
44954.59,1,1,0,1,SHOPPING,0
45119.24,4,0,0,2,GROCERY,0
12779.96,4,0,0,3,FOOD,0
14988.45,3,0,0,1,GROCERY,0
8925.22,1,0,0,2,FOOD,0
5205.34,2,0,0,3,GROCERY,0
5977.3,3,0,0,3,OTHER,0
16744.85,1,0,0,3,GROCERY,0
20937.57,9,0,0,2,GAMING,1
23522.93,1,1,0,5,OTHER,0
23382.47,3,0,0,1,SHOPPING,0
1434.55,3,0,0,4,GROCERY,0
10230.74,3,0,0,5,TRAVEL,0
889.23,3,0,0,3,FOOD,0
11961.92,1,0,0,6,GROCERY,0
8738.33,2,0,0,3,TRAVEL,1
32799.28,1,1,0,6,SHOPPING,1
6482.87,1,0,0,4,ELECTRONICS,0
1867.59,1,0,0,7,TRAVEL,0
2314.61,4,0,0,2,GAMING,0
21501.46,4,0,0,2,GROCERY,0
14443.59,4,0,0,3,FOOD,0
1599.13,2,0,0,3,TRAVEL,0
1317.83,1,0,0,5,OTHER,0
18108.13,1,0,0,2,GAMING,0
1133.19,6,0,0,3,ELECTRONICS,0
25877.79,1,0,0,2,TRAVEL,0
18375.0,3,0,0,2,TRAVEL,0
1272.73,4,1,0,1,FOOD,0
1329.81,1,0,0,3,TRAVEL,0
64731.88,2,0,0,6,SHOPPING,0
7032.56,2,0,0,4,SHOPPING,0
6945.83,1,0,1,7,OTHER,0
25133.63,3,0,0,3,GAMING,0
44132.47,3,0,0,9,GROCERY,1
64031.61,2,0,0,4,OTHER,0
20998.49,3,0,0,5,FOOD,0
7080.31,2,0,0,5,FOOD,0
1307.91,1,0,0,3,OTHER,0
22518.64,1,0,1,7,SHOPPING,1
12260.41,3,0,0,3,GAMING,0
8280.5,4,0,0,3,FOOD,0
35523.57,3,1,0,5,CRYPTO,0
1768.2,2,0,0,2,CRYPTO,0
10177.58,3,0,0,9,SHOPPING,0
171.28,1,0,0,5,ELECTRONICS,0
9485.32,3,0,0,9,OTHER,0
869.26,4,0,1,3,SHOPPING,0
1897.36,1,0,0,7,SHOPPING,0
1875.39,4,0,0,5,ELECTRONICS,0
15713.53,1,0,0,5,SHOPPING,0
20558.97,1,0,0,8,OTHER,0
13133.31,1,0,0,6,GROCERY,0
49120.8,2,1,0,4,SHOPPING,1
7046.95,4,0,0,5,ELECTRONICS,0
5047.04,5,0,0,3,SHOPPING,0
30442.54,3,0,0,11,FOOD,1
3796.23,2,0,0,7,SHOPPING,0
49543.05,5,0,0,3,OTHER,0
183.43,5,0,0,3,SHOPPING,0
52537.9,2,0,0,4,FOOD,1
661.78,2,0,0,6,ELECTRONICS,0
33265.82,1,0,0,2,TRAVEL,0
11252.15,2,0,0,7,TRAVEL,0
74352.43,4,0,0,4,SHOPPING,0
1149.92,2,0,0,5,GROCERY,0
12106.64,2,0,0,3,TRAVEL,0
52253.63,1,0,0,4,SHOPPING,0
11106.66,2,0,0,3,SHOPPING,0
14889.42,2,0,0,2,FOOD,0
17848.52,3,0,0,6,FOOD,0
9091.92,1,0,0,2,GAMING,0
14815.11,2,1,0,5,SHOPPING,0
13167.39,1,1,1,2,GROCERY,0
34713.49,4,1,0,6,GROCERY,0
697.67,4,0,0,6,FOOD,0
4947.64,3,0,0,3,SHOPPING,0
45059.94,6,0,1,2,TRAVEL,1
33145.14,4,0,0,5,GROCERY,0
9122.63,1,0,0,6,SHOPPING,0
14519.0,1,0,0,6,GROCERY,0
4873.1,1,0,0,2,GROCERY,0
3126.06,3,0,0,7,CRYPTO,0
9345.88,1,0,0,2,ELECTRONICS,0
6539.3,3,0,0,2,GAMING,0
13143.66,2,0,0,3,GROCERY,0
1213.83,2,0,0,4,FOOD,0
54974.4,2,0,0,5,SHOPPING,0
64257.98,1,0,0,6,ELECTRONICS,0
17967.96,4,1,0,1,SHOPPING,0
11521.18,3,0,0,1,TRAVEL,0
5555.69,1,0,0,3,GROCERY,0
25213.61,1,0,0,4,SHOPPING,0
17314.94,4,0,1,8,GAMING,1
2662.1,1,1,0,8,SHOPPING,1
36274.52,1,0,0,2,GROCERY,0
25934.92,5,0,0,2,SHOPPING,0
44876.08,2,0,0,6,GAMING,0
19404.06,1,0,0,5,GROCERY,0
14256.06,4,1,0,5,TRAVEL,0
8125.54,3,0,0,2,OTHER,0
40485.28,7,0,0,7,SHOPPING,0
30155.89,2,0,0,1,GROCERY,0
694.09,3,1,0,4,TRAVEL,0
400.81,1,1,0,2,GROCERY,0
7085.22,1,0,0,7,GROCERY,0
24954.72,4,0,1,9,GROCERY,1
65464.13,2,0,0,2,GROCERY,0
2445.14,1,1,0,3,CRYPTO,0
13525.86,1,0,1,5,ELECTRONICS,0
7192.11,2,0,0,4,FOOD,0
52555.63,4,0,0,1,OTHER,0
27688.7,5,0,0,1,ELECTRONICS,0
27332.85,2,0,0,2,SHOPPING,0
9486.23,2,0,0,2,GROCERY,0
8037.52,3,1,0,5,ELECTRONICS,0
4790.83,4,0,0,6,SHOPPING,0
870.4,1,0,0,2,FOOD,0
30006.39,2,0,0,3,FOOD,0
25141.76,2,0,0,6,GROCERY,0
122586.68,4,1,0,1,ELECTRONICS,0
85423.1,2,0,0,2,GROCERY,0
12159.77,2,0,0,6,SHOPPING,0
21979.25,2,0,0,5,GROCERY,0
43442.58,2,0,0,5,TRAVEL,0
28421.58,3,1,0,1,SHOPPING,0
4262.29,1,0,0,4,TRAVEL,0
8982.4,3,1,1,1,GROCERY,1
2074.45,2,0,0,1,FOOD,0
46203.36,2,0,0,4,GROCERY,0
13977.72,4,0,0,4,TRAVEL,0
3894.06,1,0,0,1,GROCERY,0
16707.44,4,0,1,5,TRAVEL,0
14440.06,2,0,1,3,GROCERY,0
6651.31,2,0,0,1,OTHER,0
1808.09,1,0,0,3,SHOPPING,0
16701.62,2,0,0,2,GROCERY,0
11019.16,3,0,0,7,GROCERY,0
22197.11,2,0,0,5,FOOD,0
11014.65,1,0,0,1,OTHER,0
28676.55,1,0,0,6,GROCERY,0
12041.31,4,0,1,7,GAMING,0
12346.72,2,0,1,3,SHOPPING,0
31391.38,1,0,0,6,GAMING,0
7749.71,4,0,0,4,CRYPTO,0
2158.32,1,0,0,3,OTHER,0
438.08,2,0,0,3,GROCERY,0
21105.86,3,0,0,4,GAMING,0
14525.98,3,0,0,4,GROCERY,0
18264.98,2,0,0,6,FOOD,0
3592.22,2,0,0,4,TRAVEL,0
2199.19,3,0,0,4,SHOPPING,0
219.77,4,0,1,6,TRAVEL,0
6475.31,5,0,0,6,OTHER,0
13370.96,2,0,0,6,GAMING,0
7469.73,2,0,0,4,SHOPPING,0
8629.79,1,0,0,7,TRAVEL,0
35175.92,3,0,0,4,GROCERY,0
6421.54,2,0,0,3,SHOPPING,0
10822.88,3,0,0,3,TRAVEL,0
22963.08,3,0,0,5,ELECTRONICS,0
7576.2,1,0,0,4,OTHER,0
14596.36,2,1,0,3,FOOD,0
29747.11,1,0,0,3,OTHER,0
44792.86,4,0,0,1,ELECTRONICS,0
2386.23,1,0,0,5,GROCERY,0
39174.94,3,0,0,1,SHOPPING,0
10162.54,2,1,0,2,SHOPPING,0
4481.03,1,0,0,8,SHOPPING,0
9218.8,2,0,1,5,GROCERY,0
58704.8,3,0,0,5,TRAVEL,0
10177.37,1,0,0,3,GROCERY,0
5979.24,6,0,0,1,OTHER,0
15052.29,1,0,0,2,CRYPTO,0
4119.43,2,0,0,6,SHOPPING,1
1183.43,3,0,0,4,GROCERY,0
2069.63,3,0,0,2,TRAVEL,0
2055.28,4,0,0,3,TRAVEL,0
2471.4,2,0,0,6,OTHER,0
2241.9,1,0,0,3,GROCERY,0
15361.26,3,0,0,4,ELECTRONICS,0
3011.2,3,0,0,4,TRAVEL,0
6362.09,5,0,0,7,GROCERY,0
34064.61,2,0,0,3,GROCERY,0
9635.72,1,0,0,5,ELECTRONICS,0
16519.34,1,1,0,5,FOOD,0
2836.93,1,0,0,4,OTHER,0
3203.26,2,0,0,4,OTHER,1
625.91,2,0,0,2,TRAVEL,0
2775.71,4,0,0,3,TRAVEL,0
4898.22,3,0,0,2,GROCERY,0
2922.18,3,0,0,5,OTHER,0
1393.29,2,0,0,3,SHOPPING,0
1928.34,1,0,0,1,SHOPPING,0
9264.44,2,0,0,7,CRYPTO,1
3466.38,2,0,0,2,GROCERY,0
6794.72,3,0,1,5,SHOPPING,0
10500.08,1,0,0,3,TRAVEL,0
17586.86,1,0,0,4,GROCERY,0
601.59,3,0,0,2,GROCERY,0
24097.41,2,0,0,7,SHOPPING,0
14828.91,3,0,0,3,SHOPPING,1
1279.43,3,0,0,4,FOOD,0
31022.02,4,1,0,3,OTHER,0
38050.4,3,0,1,5,FOOD,0
945.34,2,1,1,1,SHOPPING,1
4862.65,5,0,0,5,GROCERY,0
24614.03,3,0,0,2,GROCERY,0
20690.36,4,1,0,4,SHOPPING,0
3059.69,2,0,0,1,SHOPPING,0
3523.49,5,1,0,3,GAMING,0
6941.78,3,0,1,5,SHOPPING,0
9939.94,3,1,0,4,FOOD,0
14445.03,3,0,0,1,TRAVEL,0
6904.69,4,0,0,6,SHOPPING,0
9313.37,3,1,0,4,FOOD,0
20643.43,2,0,0,3,OTHER,0
560.59,4,0,0,4,SHOPPING,0
4364.05,3,0,0,7,FOOD,0
18742.38,2,0,0,4,ELECTRONICS,0
33836.5,2,1,0,5,GAMING,0
10751.69,4,0,0,4,GAMING,0
11392.94,1,0,1,3,TRAVEL,0
1700.42,2,0,0,5,SHOPPING,0
8897.15,3,0,0,2,GAMING,0
11409.1,1,0,0,4,ELECTRONICS,0
4165.39,1,0,0,2,TRAVEL,0
4705.12,6,0,0,6,ELECTRONICS,0
7104.97,1,0,0,3,GROCERY,0
304.13,4,1,0,2,GROCERY,0
5830.87,1,0,0,2,OTHER,0
3563.35,1,0,0,8,OTHER,0
5951.24,3,0,0,3,GAMING,0
1913.45,5,0,0,4,SHOPPING,0
33181.2,2,0,0,3,GROCERY,0
13505.98,3,0,0,5,SHOPPING,0
17049.49,4,0,0,2,ELECTRONICS,0
23350.64,1,0,0,1,FOOD,0
10350.55,1,0,0,5,GAMING,0
1363.98,2,0,0,10,ELECTRONICS,0
11553.88,2,0,0,4,TRAVEL,0
13258.85,1,0,0,4,OTHER,0
20523.25,1,1,0,8,OTHER,1
8475.52,2,0,0,6,ELECTRONICS,0
2047.27,2,1,0,1,GROCERY,0
5006.43,3,0,1,3,OTHER,0
6766.72,3,0,0,2,FOOD,0
15573.37,2,0,0,4,SHOPPING,0
12686.73,2,1,0,1,GAMING,0
6603.1,3,0,0,1,FOOD,0
64592.94,1,1,0,1,TRAVEL,1
13962.5,2,0,0,5,SHOPPING,0
4061.92,3,0,0,3,TRAVEL,0
1610.15,3,0,0,2,OTHER,0
2488.32,4,1,0,3,GAMING,1
4234.6,3,0,0,2,FOOD,0
2627.47,1,0,0,4,GROCERY,0
3097.38,1,0,0,5,OTHER,0
5034.09,3,0,0,3,TRAVEL,0
2856.04,3,0,0,3,GROCERY,0
34061.27,1,0,0,2,TRAVEL,0
1254.54,2,0,0,1,GROCERY,0
11151.19,4,0,0,4,GROCERY,0
7924.58,1,1,0,4,TRAVEL,1
60579.63,4,0,0,2,SHOPPING,0
1782.41,3,0,1,3,FOOD,0
7608.87,4,1,0,2,ELECTRONICS,0
52335.89,1,0,0,5,CRYPTO,1
30093.66,2,0,0,3,ELECTRONICS,0
25479.95,6,0,0,7,SHOPPING,0
4474.13,4,0,0,6,ELECTRONICS,0
2810.99,3,0,0,2,ELECTRONICS,0
16568.39,1,0,0,3,GAMING,0
39755.78,1,0,0,6,FOOD,0
12204.76,1,0,0,7,GROCERY,0
12715.91,3,1,0,3,ELECTRONICS,1
4927.13,1,0,0,4,GROCERY,0
22012.11,4,0,0,5,SHOPPING,0
3106.17,3,0,0,5,FOOD,0
5866.32,1,0,0,4,FOOD,0
8312.17,3,0,0,3,SHOPPING,0
10627.27,3,0,1,7,OTHER,1
4164.19,1,0,0,7,ELECTRONICS,0
1829.75,3,0,0,5,GROCERY,0
14147.99,3,0,1,4,CRYPTO,0
5108.45,3,0,0,3,SHOPPING,0
13056.8,3,0,1,4,FOOD,0
2514.97,1,0,0,1,SHOPPING,0
9841.82,3,0,0,2,GROCERY,0
11408.21,2,0,0,5,SHOPPING,0
798.22,1,0,0,1,GAMING,0
6155.75,3,0,1,5,ELECTRONICS,0
2165.24,1,0,0,6,SHOPPING,0
982.08,1,0,0,5,FOOD,0
69018.02,2,1,0,4,FOOD,1
5836.95,1,1,0,5,OTHER,0
24901.06,1,0,0,2,FOOD,0
4408.33,2,0,0,6,TRAVEL,0
17162.12,3,0,0,5,SHOPPING,0
21420.99,1,0,0,2,GROCERY,0
13581.7,2,0,0,5,OTHER,0
9567.85,4,0,0,4,GROCERY,0
7961.37,2,1,0,4,ELECTRONICS,1
6435.65,3,0,1,7,GAMING,0
39788.34,5,0,0,3,ELECTRONICS,0
26634.11,4,0,0,6,GAMING,0
50297.65,1,0,0,11,ELECTRONICS,0
1990.93,3,0,1,4,SHOPPING,0
19688.27,3,0,0,2,OTHER,0
41791.91,4,0,0,5,OTHER,0
2999.34,2,0,1,4,SHOPPING,1
1032.15,1,0,0,4,SHOPPING,0
20270.9,1,0,0,8,SHOPPING,0
12816.41,3,0,0,5,FOOD,0
27661.16,2,0,0,3,GROCERY,0
2258.37,3,1,0,4,FOOD,0
23790.75,4,0,0,6,CRYPTO,0
3377.7,1,0,0,5,SHOPPING,0
2680.73,2,0,0,8,CRYPTO,0
2691.67,1,1,1,5,ELECTRONICS,1
25276.55,3,0,0,7,FOOD,0
16413.2,3,0,0,3,GROCERY,0
11105.64,2,0,1,3,TRAVEL,0
6666.92,1,1,0,3,OTHER,0
31458.04,4,0,0,3,CRYPTO,0
7474.69,2,0,0,2,GAMING,0
25441.24,1,0,0,5,GAMING,0
8674.12,3,0,0,5,SHOPPING,1
7096.79,5,0,0,3,GROCERY,0
9317.42,4,0,0,5,FOOD,0
5379.68,5,0,0,2,TRAVEL,1
20651.66,4,1,0,6,FOOD,0
10479.04,1,0,0,5,GAMING,0
3963.64,2,0,0,3,SHOPPING,0
34475.1,1,0,0,4,GROCERY,0
7264.98,2,0,0,1,GAMING,0
11764.24,4,0,1,2,ELECTRONICS,1
35542.43,1,0,1,4,FOOD,0
14681.99,4,0,0,6,OTHER,0
1864.72,4,0,1,3,SHOPPING,0
42159.25,2,0,1,5,ELECTRONICS,0
14821.15,3,0,0,2,OTHER,0
6117.39,4,1,0,7,GROCERY,0
2249.65,2,1,1,4,CRYPTO,1
23700.02,1,1,0,2,ELECTRONICS,0
14516.63,3,0,0,4,GROCERY,0
11436.21,5,0,0,6,ELECTRONICS,0
33649.55,2,1,0,3,CRYPTO,0
23309.85,6,0,0,3,GAMING,0
2467.37,3,0,0,5,GAMING,0
5603.44,2,0,0,3,GROCERY,0
4285.04,1,0,0,2,GROCERY,0
20435.52,2,0,1,5,SHOPPING,0
511.61,1,0,0,2,TRAVEL,0
12655.7,2,0,0,8,OTHER,0
21561.21,2,0,0,1,SHOPPING,0
31405.01,1,0,0,1,FOOD,0
6280.12,6,0,1,5,GROCERY,1
25827.12,1,0,0,4,GROCERY,0
1758.66,4,0,0,5,GROCERY,0
28106.16,5,0,0,3,TRAVEL,0
2045.69,6,0,0,2,GROCERY,0
7594.72,1,0,0,4,CRYPTO,0
23940.08,4,0,0,5,TRAVEL,0
2436.33,3,0,0,6,CRYPTO,0
3905.9,1,0,0,4,SHOPPING,0
19215.65,5,0,1,2,TRAVEL,1
19096.44,2,0,0,5,SHOPPING,0
15372.66,4,0,0,5,OTHER,0
17760.03,1,0,0,2,GAMING,0
11737.04,4,0,0,5,TRAVEL,0
4351.26,2,0,0,5,TRAVEL,0
6362.75,1,1,1,2,FOOD,1
3006.02,5,1,0,4,ELECTRONICS,1
35863.14,1,0,0,3,OTHER,0
13134.14,3,0,0,1,GROCERY,0
7683.68,4,1,0,5,TRAVEL,0
9298.61,1,1,0,1,SHOPPING,0
44142.36,1,0,0,3,CRYPTO,0
2497.04,3,0,0,6,GROCERY,0
13236.67,1,0,0,5,GROCERY,0
10574.92,2,0,0,3,GROCERY,0
14180.16,3,0,0,3,GROCERY,0
274.14,3,0,0,1,ELECTRONICS,0
30850.4,2,0,0,7,GROCERY,0
40349.83,2,1,0,5,TRAVEL,0
12490.73,4,0,0,4,CRYPTO,0
17893.06,4,0,0,4,GROCERY,0
38362.04,1,0,0,4,GROCERY,0
18425.96,3,0,0,5,OTHER,0
2482.66,2,1,0,5,ELECTRONICS,0
12880.53,4,0,0,3,GROCERY,0
13998.31,1,0,0,7,FOOD,0
8278.12,1,0,1,5,OTHER,0
20002.35,4,0,0,4,FOOD,0
40855.15,2,0,1,8,GAMING,0
38968.14,3,0,0,4,FOOD,0
8990.46,2,0,0,1,SHOPPING,0
1802.68,1,0,0,2,OTHER,0
62837.61,2,0,0,6,GROCERY,0
27385.77,1,1,0,2,FOOD,0
1997.19,3,0,0,5,SHOPPING,0
38044.62,1,1,0,3,TRAVEL,0
30591.36,1,0,0,4,GROCERY,0
10973.27,2,1,1,1,SHOPPING,1
13420.71,4,0,0,4,FOOD,0
7637.47,5,0,0,3,GROCERY,0
844.77,1,0,1,4,SHOPPING,1
6123.97,2,0,0,4,OTHER,0
24357.12,2,0,0,2,FOOD,0
100.0,4,0,0,2,TRAVEL,0
6085.71,1,1,0,3,FOOD,0
7616.67,5,0,0,2,GROCERY,0
11563.25,1,1,0,4,FOOD,0
37858.88,3,0,0,7,SHOPPING,0
6377.66,3,0,0,3,FOOD,1
6391.6,1,0,0,5,TRAVEL,1
20062.63,1,0,0,4,OTHER,0
9028.17,1,0,0,5,GROCERY,0
3815.74,3,0,0,3,ELECTRONICS,0
9034.24,2,0,0,5,GROCERY,0
2277.3,1,0,0,3,GROCERY,0
2910.82,5,0,0,2,GROCERY,0
10348.32,1,0,0,3,SHOPPING,0
8143.14,1,0,1,2,GROCERY,1
36949.39,3,0,0,3,ELECTRONICS,0
6750.52,2,0,0,7,GROCERY,0
13033.54,2,0,1,4,SHOPPING,0
15005.86,4,1,0,1,ELECTRONICS,0
197.71,3,0,0,5,FOOD,0
16339.02,2,0,0,4,TRAVEL,1
2940.88,1,0,0,1,FOOD,0
48689.97,3,1,0,1,FOOD,0
2414.2,4,0,0,5,GAMING,0
8032.52,1,0,0,5,FOOD,0
1338.2,2,1,0,4,GAMING,1
86521.22,1,0,0,1,FOOD,0
10463.2,3,0,0,2,SHOPPING,0
13572.29,5,0,0,5,GROCERY,0
1041.48,4,0,0,4,SHOPPING,0
20792.04,1,0,0,10,SHOPPING,0
3534.04,3,0,1,1,GROCERY,1
34249.72,3,0,0,1,SHOPPING,0
3443.83,2,1,0,6,GROCERY,0
3173.56,3,0,0,4,CRYPTO,0
558.52,1,0,0,3,SHOPPING,0
9581.79,4,0,0,3,ELECTRONICS,0
12480.66,1,0,0,4,GAMING,0
1019.5,2,0,0,2,GROCERY,0
22410.04,2,0,0,4,FOOD,0
9057.52,1,0,1,6,GROCERY,1
11147.36,4,0,0,3,GROCERY,0
8717.72,2,1,0,3,GROCERY,1
7681.47,4,0,0,6,SHOPPING,0
12302.45,2,1,0,7,SHOPPING,0
2530.55,5,0,0,5,GROCERY,0
3012.08,2,0,0,1,FOOD,0
29684.24,1,0,0,7,FOOD,0
43813.68,1,0,0,2,FOOD,0
7009.53,2,0,0,7,TRAVEL,0
4735.97,2,0,0,4,ELECTRONICS,0
15492.35,4,1,0,1,FOOD,0
7882.34,1,0,0,2,GAMING,0
385.71,3,0,1,5,SHOPPING,0
2546.75,4,0,0,3,SHOPPING,0
18880.25,5,0,0,4,GROCERY,0
16134.75,2,1,0,7,FOOD,0
412.05,4,0,0,6,ELECTRONICS,0
3764.89,2,0,0,4,OTHER,0
3941.42,2,0,0,5,ELECTRONICS,0
16716.22,3,0,0,4,GROCERY,0
298.61,2,0,0,2,GROCERY,0
1649.04,1,0,1,3,SHOPPING,1
24135.28,2,0,0,4,ELECTRONICS,0
2950.17,4,0,0,6,GROCERY,0
15865.49,1,0,0,3,GAMING,0
4080.73,3,0,0,8,TRAVEL,0
1571.1,3,0,0,3,GAMING,0
4179.29,2,0,0,5,TRAVEL,0
19216.42,3,1,0,2,TRAVEL,0
29037.55,4,0,0,7,FOOD,0
26598.76,2,1,0,2,ELECTRONICS,0
7592.14,1,1,0,5,CRYPTO,0
16543.15,1,0,0,6,CRYPTO,0
3440.9,3,0,0,4,GROCERY,1
5204.0,7,0,0,1,TRAVEL,1
33998.98,2,0,0,3,OTHER,0
196.31,3,0,0,4,TRAVEL,0
1340.81,3,0,0,3,GROCERY,0
3495.75,5,0,0,4,CRYPTO,0
403.36,3,0,0,1,FOOD,0
3003.05,2,1,0,2,GROCERY,0
13121.53,1,0,1,5,SHOPPING,0
8207.79,2,1,0,3,GROCERY,1
33477.95,3,0,0,3,GROCERY,0
25510.44,5,0,0,5,SHOPPING,0
6274.09,3,0,0,3,TRAVEL,0
4504.89,2,1,0,2,OTHER,1
7163.1,2,0,0,6,ELECTRONICS,0
13384.77,3,0,0,7,CRYPTO,0
4680.93,2,1,0,3,SHOPPING,0
14678.43,4,0,0,4,FOOD,0
7899.54,3,0,1,8,TRAVEL,0
12046.01,2,1,0,5,ELECTRONICS,0
8593.88,1,1,0,1,TRAVEL,0
5232.0,2,0,0,4,FOOD,0
44479.01,4,0,0,4,SHOPPING,0
21633.82,1,1,0,5,SHOPPING,0
2264.32,1,1,0,4,GROCERY,0
30427.57,1,0,0,2,CRYPTO,1
10024.8,1,0,0,4,SHOPPING,0
33743.09,2,0,0,2,GAMING,0
24130.72,3,0,0,3,GROCERY,0
8306.35,3,0,0,4,TRAVEL,1
340.88,2,0,0,3,OTHER,1
4693.51,2,0,0,7,FOOD,0
11701.32,1,0,0,5,FOOD,0
15055.46,3,0,0,5,SHOPPING,0
4473.82,1,0,0,7,SHOPPING,0
2251.12,1,0,0,6,TRAVEL,0
27020.81,2,1,0,5,SHOPPING,0
62409.36,3,1,0,10,ELECTRONICS,0
11188.42,2,0,0,5,SHOPPING,0
2825.32,2,1,0,3,GROCERY,0
4768.15,3,0,0,2,OTHER,0
278.43,1,0,1,1,FOOD,0
36853.33,2,1,0,5,TRAVEL,0
1879.22,2,0,0,9,GROCERY,0
12888.61,4,0,0,3,OTHER,0
4804.22,2,0,0,5,OTHER,0
12117.53,3,0,0,5,SHOPPING,0
15808.33,5,0,0,3,GROCERY,0
26556.59,3,1,0,7,GAMING,0
3468.04,3,0,0,2,FOOD,0
165.85,2,1,0,9,ELECTRONICS,0
2208.12,1,1,0,6,OTHER,0
34541.57,4,0,0,3,TRAVEL,0
31059.02,1,0,0,1,CRYPTO,0
13647.66,4,0,0,9,FOOD,0
13763.76,1,0,0,7,OTHER,0
16406.01,4,0,0,4,FOOD,0
2892.33,2,1,0,1,FOOD,0
36873.14,1,0,1,5,CRYPTO,0
8139.14,3,0,0,5,TRAVEL,0
7246.66,3,0,0,2,GAMING,0
10975.75,1,0,0,5,GAMING,0
721.57,4,0,0,5,TRAVEL,0
2727.93,1,1,0,5,GROCERY,1
20093.09,1,1,0,2,ELECTRONICS,0
1296.42,2,0,0,2,GROCERY,0
13863.03,2,0,0,5,FOOD,0
4222.5,2,0,0,6,TRAVEL,0
7397.13,4,0,0,4,OTHER,0
5109.78,2,0,0,1,GAMING,0
6593.23,1,0,0,3,FOOD,0
19043.46,3,0,0,4,GAMING,0
5288.57,4,0,0,6,OTHER,0
12534.65,4,0,0,3,FOOD,0
9695.4,3,0,0,4,GROCERY,0
16344.99,4,0,0,10,GROCERY,0
41428.82,3,0,0,3,SHOPPING,0
19783.58,3,0,0,2,GROCERY,0
3629.93,2,0,0,10,SHOPPING,0
475.2,2,1,0,7,ELECTRONICS,0
4562.54,2,0,0,4,SHOPPING,0
13560.91,4,0,1,4,OTHER,0
791.93,1,1,0,5,SHOPPING,0
10288.59,3,0,0,4,GROCERY,0
13626.43,1,0,0,1,SHOPPING,0
6102.48,3,0,0,6,OTHER,0
22104.75,3,0,0,4,GROCERY,0
1690.78,3,0,0,4,FOOD,0
1171.66,1,0,0,2,ELECTRONICS,0
19539.71,8,0,1,2,FOOD,1
10262.55,4,0,0,2,GAMING,0
17490.64,1,1,0,6,SHOPPING,0
8559.36,2,0,0,1,GAMING,0
4243.44,3,0,0,7,TRAVEL,0
25647.36,1,0,0,3,GROCERY,0
24097.82,3,0,0,2,SHOPPING,0
17796.73,2,0,0,4,FOOD,0
4764.8,1,0,0,10,GAMING,0
13382.41,1,0,0,3,TRAVEL,0
6717.15,2,0,0,4,GAMING,1
1440.76,1,0,0,6,SHOPPING,0
37390.5,1,0,0,5,ELECTRONICS,0
2206.96,4,0,0,4,GROCERY,0
45007.36,2,1,0,3,GROCERY,0
8859.02,2,0,1,4,FOOD,0
3070.95,2,0,0,4,GAMING,0
11710.05,2,0,0,5,SHOPPING,0
30947.13,1,0,0,3,SHOPPING,0
19764.12,3,0,0,3,OTHER,0
24641.91,3,0,0,5,SHOPPING,0
16128.57,5,1,0,3,TRAVEL,0
17678.31,2,0,0,5,OTHER,0
28376.58,1,1,0,4,SHOPPING,0
4308.59,1,0,0,1,GAMING,0
10083.26,1,0,0,4,SHOPPING,0
3750.2,2,0,0,7,GROCERY,0
65933.38,3,0,0,4,CRYPTO,0
43251.96,5,0,0,3,OTHER,0
603.38,2,0,0,8,SHOPPING,0
18340.97,2,0,0,4,SHOPPING,0
38903.75,5,1,0,8,SHOPPING,0
2987.29,2,0,0,2,OTHER,0
12588.04,2,0,0,9,OTHER,0
37062.98,1,0,0,1,GROCERY,0
518.03,3,0,0,3,GAMING,0
17931.16,4,0,0,1,TRAVEL,0
5293.42,5,1,0,4,GROCERY,0
38733.73,1,0,0,6,SHOPPING,0
53137.05,1,0,0,4,GROCERY,0
43307.61,5,0,0,6,CRYPTO,0
9642.92,3,0,1,5,GROCERY,0
29712.16,2,0,0,1,CRYPTO,0
27921.41,5,0,0,3,OTHER,0
5765.11,3,0,0,4,GROCERY,0
26483.96,2,0,0,3,ELECTRONICS,0
565.65,3,0,0,4,SHOPPING,0
13605.13,1,0,1,1,OTHER,0
3920.64,3,0,0,3,GAMING,0
1927.17,7,0,0,5,ELECTRONICS,0
1201.13,2,1,0,3,OTHER,0
17875.17,1,0,0,1,GROCERY,0
6229.89,1,1,0,5,SHOPPING,1
19352.05,2,0,0,5,CRYPTO,0
1013.85,1,0,1,2,GROCERY,1
5681.41,3,0,0,3,OTHER,0
11631.35,4,0,0,5,ELECTRONICS,0
23461.46,2,0,0,5,SHOPPING,0
5757.44,4,0,0,2,FOOD,0
14748.14,3,0,0,3,GROCERY,0
32570.42,3,1,0,3,GROCERY,0
14351.35,2,0,1,3,SHOPPING,1
3978.23,5,0,0,3,CRYPTO,0
370.55,3,0,0,3,SHOPPING,0
30614.73,1,0,0,4,SHOPPING,0
322.48,2,1,1,5,FOOD,1
31155.87,2,0,0,5,GROCERY,0
11291.46,3,1,0,3,OTHER,0
41969.88,3,1,0,2,GROCERY,0
24050.59,3,0,0,9,FOOD,0
92732.92,4,0,0,1,GAMING,1
6478.18,1,0,0,5,SHOPPING,0
21862.88,3,0,0,2,FOOD,0
7710.74,2,0,0,1,OTHER,0
9805.31,2,0,0,3,TRAVEL,0
14812.99,3,0,0,3,FOOD,0
31033.71,2,0,0,3,CRYPTO,0
62105.96,1,0,0,4,GROCERY,0
21932.96,4,0,0,2,SHOPPING,0
8113.26,3,0,0,3,CRYPTO,0
8206.04,2,1,0,6,OTHER,0
20067.27,1,0,0,4,SHOPPING,0
4092.44,2,0,0,3,GROCERY,0
1756.0,1,0,0,7,TRAVEL,0
6568.79,3,0,1,4,OTHER,0
5079.14,2,1,1,5,ELECTRONICS,1
5271.22,1,0,0,4,TRAVEL,0
3990.92,2,1,0,1,FOOD,0
645.07,1,0,0,2,TRAVEL,0
270.53,5,1,0,4,OTHER,1
65999.67,3,0,0,8,SHOPPING,1
8373.3,3,1,0,8,FOOD,0
7275.58,1,1,0,3,SHOPPING,0
17074.99,4,0,0,2,SHOPPING,0
3693.38,6,1,0,2,SHOPPING,1
44924.34,2,0,0,2,GROCERY,0
23150.89,3,0,0,6,FOOD,0
1404.95,2,0,0,3,GAMING,0
8108.47,3,1,0,6,SHOPPING,0
31694.14,2,0,0,2,OTHER,0
43433.42,1,0,0,4,ELECTRONICS,0
9449.81,3,0,0,4,SHOPPING,0
14255.91,2,1,0,4,FOOD,0
2741.44,1,0,0,4,ELECTRONICS,0
70941.67,1,0,1,4,FOOD,1
3953.07,1,0,0,3,OTHER,0
42900.14,3,0,0,7,GROCERY,0
15732.2,1,0,0,2,GROCERY,0
14037.33,1,0,0,2,FOOD,0
10782.78,3,0,0,2,TRAVEL,0
3933.53,2,1,0,3,CRYPTO,0
2913.39,1,0,0,2,GROCERY,0
3736.27,1,0,0,5,TRAVEL,0
3095.0,3,0,0,2,GROCERY,0
22683.61,3,0,0,2,TRAVEL,0
6464.63,2,0,0,8,GROCERY,0
893.75,4,0,0,7,TRAVEL,0
52156.26,1,1,0,6,SHOPPING,1
32284.81,1,0,0,1,GROCERY,0
39414.82,2,0,0,3,ELECTRONICS,0
79200.75,1,0,0,3,TRAVEL,0
2865.51,1,0,0,5,TRAVEL,0
7568.73,3,0,0,2,SHOPPING,0
21297.05,5,1,0,3,ELECTRONICS,1
17861.93,1,0,0,2,SHOPPING,0
2506.69,3,0,0,6,OTHER,0
25378.7,4,0,0,5,OTHER,0
3812.56,2,0,0,7,ELECTRONICS,0
3800.52,1,0,0,1,OTHER,0
11549.59,3,0,0,2,OTHER,0
13481.92,2,0,1,6,FOOD,0
13015.59,4,0,0,6,OTHER,0
1439.19,3,0,0,1,FOOD,0
31489.87,4,0,0,2,GROCERY,0
4630.52,4,1,0,5,OTHER,0
2080.57,2,1,0,2,FOOD,0
32939.37,2,0,0,3,TRAVEL,0
46735.15,1,0,0,4,OTHER,0
29721.4,5,0,0,4,GROCERY,0
24872.81,1,1,1,6,FOOD,1
15973.69,4,0,0,1,TRAVEL,0
12006.22,3,0,0,8,GAMING,0
1365.07,2,0,0,2,GAMING,0
7875.22,2,0,0,7,OTHER,0
6994.68,2,0,0,4,GROCERY,0
4511.59,5,0,0,4,SHOPPING,0
19278.83,1,0,0,1,ELECTRONICS,0
10273.99,3,0,0,3,ELECTRONICS,0
1267.79,1,0,0,6,FOOD,0
3730.44,1,1,1,7,FOOD,1
17245.05,6,0,0,6,FOOD,1
1187.77,7,0,0,8,OTHER,0
28577.98,1,0,0,4,OTHER,0
10252.31,4,1,0,2,GROCERY,0
9825.83,1,0,0,2,FOOD,0
13462.32,2,1,0,6,SHOPPING,0
26117.22,2,0,0,5,OTHER,0
6411.27,2,0,1,5,OTHER,0
16998.81,1,0,0,7,TRAVEL,0
12511.4,3,0,0,2,GROCERY,0
4659.72,3,0,0,1,GROCERY,0
31633.67,4,0,0,2,SHOPPING,0
23949.75,4,0,0,6,OTHER,0
16114.0,1,0,0,9,GROCERY,0
28515.09,2,0,0,4,GAMING,0
30294.31,4,0,0,6,GROCERY,0
18483.68,2,0,0,2,SHOPPING,0
27211.3,5,0,0,4,GAMING,0
17933.69,1,0,0,3,ELECTRONICS,0
17098.11,1,0,0,1,GAMING,0
14459.05,2,0,0,5,GAMING,0
20958.31,4,0,0,3,FOOD,0
2590.41,2,1,0,2,SHOPPING,0
31913.19,5,0,0,3,GAMING,0
30817.55,1,0,1,5,GROCERY,0
445.25,2,0,0,1,SHOPPING,0
26214.71,2,0,1,2,OTHER,1
2069.46,6,0,0,1,OTHER,1
6122.2,3,0,0,1,GAMING,0
20409.88,2,0,0,2,GROCERY,0
2628.88,1,0,0,4,OTHER,0
25553.51,1,0,0,6,OTHER,0
26768.85,2,0,0,3,ELECTRONICS,0
10622.93,3,0,0,2,FOOD,0
100.0,2,0,1,6,SHOPPING,1
5074.91,1,0,0,2,GAMING,0
14392.94,4,0,0,5,GAMING,0
59597.45,3,0,0,8,FOOD,0
14987.49,3,0,0,3,FOOD,0
4512.6,2,0,0,4,ELECTRONICS,0
15077.06,1,0,0,4,ELECTRONICS,0
11647.46,5,0,1,6,SHOPPING,1
22701.38,1,0,0,4,SHOPPING,0
1697.21,4,0,0,6,ELECTRONICS,0
21471.13,1,0,1,5,GROCERY,0
11689.29,5,0,1,4,GROCERY,1
49449.32,2,0,1,7,TRAVEL,1
6275.34,3,0,0,9,FOOD,0
15020.46,5,0,0,6,GAMING,0
40329.91,1,0,0,4,GAMING,0
1622.29,3,0,0,3,ELECTRONICS,0
41523.81,1,0,0,4,OTHER,0
17465.79,3,1,0,5,GROCERY,0
1053.71,1,0,0,3,FOOD,0
5370.79,4,0,0,5,FOOD,0
18473.86,1,0,0,2,GAMING,0
1045.89,3,0,0,5,SHOPPING,0
13090.23,2,0,0,3,FOOD,0
6367.04,2,0,1,2,GROCERY,0
14549.94,5,1,0,1,OTHER,0
702.32,7,0,0,4,ELECTRONICS,0
30781.69,5,0,0,6,SHOPPING,0
54452.92,4,0,0,3,OTHER,0
52047.53,4,0,0,3,CRYPTO,1
20773.54,2,0,1,4,GROCERY,0
2090.42,4,0,0,5,SHOPPING,0
21298.59,3,1,0,2,SHOPPING,0
373.41,1,0,0,1,CRYPTO,0
335.58,2,0,0,2,GROCERY,0
5864.79,6,0,0,9,SHOPPING,0
10060.32,4,0,0,4,TRAVEL,0
22071.73,1,0,0,1,OTHER,0
17246.79,2,0,0,5,OTHER,0
8856.22,1,0,0,3,SHOPPING,0
4795.37,1,0,0,2,TRAVEL,0
87772.93,3,0,0,5,CRYPTO,1
8331.63,2,0,0,5,ELECTRONICS,0
9005.43,4,1,0,1,CRYPTO,0
2680.15,3,0,0,3,OTHER,0
23757.25,3,0,0,7,CRYPTO,0
17746.98,6,0,0,8,GROCERY,1
3741.73,2,0,0,4,FOOD,0
1289.6,6,0,0,5,SHOPPING,0
17114.94,1,0,1,4,ELECTRONICS,0
15941.93,4,0,0,1,FOOD,0
4787.79,1,0,0,7,FOOD,0
45197.32,4,0,0,3,SHOPPING,0
2456.46,4,0,0,4,OTHER,0
8493.35,4,0,0,3,SHOPPING,0
43133.53,1,0,0,4,GROCERY,0
8163.86,4,1,0,6,GROCERY,1
15263.48,4,0,0,5,FOOD,0
7602.36,1,1,0,4,OTHER,0
4807.53,2,0,0,4,OTHER,1
62006.56,2,1,0,2,SHOPPING,0
7897.57,2,0,0,6,TRAVEL,0
33678.79,4,0,0,5,GAMING,0
3919.59,1,0,0,6,GROCERY,0
3594.9,2,0,0,8,SHOPPING,0
474.44,2,0,0,3,TRAVEL,0
15818.94,3,0,0,7,OTHER,0
6895.49,2,0,0,4,ELECTRONICS,0
29966.07,1,0,0,5,SHOPPING,0
9614.3,3,0,0,3,OTHER,1
51721.24,5,0,1,4,ELECTRONICS,1
3078.18,4,0,0,5,CRYPTO,0
30445.28,4,0,1,9,SHOPPING,1
22481.66,3,0,0,4,GROCERY,0
22105.38,2,1,0,6,GROCERY,0
27943.99,2,0,0,4,OTHER,0
21470.88,2,0,0,5,GROCERY,0
14761.33,2,0,0,4,TRAVEL,0
2110.41,4,0,0,5,SHOPPING,0
496.0,3,0,0,3,SHOPPING,0
38045.75,3,0,0,2,SHOPPING,0
14382.12,5,0,0,3,GROCERY,0
23884.09,3,0,0,5,GROCERY,0
9852.88,5,0,0,1,GROCERY,0
1871.69,5,0,0,2,GROCERY,0
2006.16,2,0,0,4,GROCERY,0
17354.68,1,1,0,5,ELECTRONICS,0
8439.84,4,0,0,1,GROCERY,0
3357.0,3,1,0,2,FOOD,0
10147.14,2,0,1,4,ELECTRONICS,0
995.45,4,0,0,1,GROCERY,0
13083.08,1,0,1,6,OTHER,0
4699.99,1,0,0,3,SHOPPING,0
23959.61,2,0,0,8,OTHER,0
5573.83,2,0,0,4,GROCERY,0
9110.6,2,0,0,3,GROCERY,0
175.33,4,0,0,4,TRAVEL,0
1128.08,5,0,0,4,FOOD,0
7475.89,1,0,0,4,TRAVEL,0
9807.13,1,0,0,6,SHOPPING,0
13745.13,2,0,0,5,SHOPPING,0
5172.52,3,0,0,3,CRYPTO,0
17810.76,1,1,0,3,GROCERY,1
29504.81,2,0,0,5,SHOPPING,0
22701.76,1,1,0,6,SHOPPING,0
606.38,2,0,0,4,ELECTRONICS,0
9823.53,1,0,0,6,GROCERY,0
1662.8,3,0,0,6,SHOPPING,0
4156.97,6,0,0,3,SHOPPING,0
64757.74,4,0,1,4,OTHER,1
2305.93,2,0,0,6,GAMING,1
10363.89,2,0,0,2,GROCERY,0
14441.14,1,0,0,2,SHOPPING,0
18183.35,2,1,0,4,GAMING,0
12302.74,2,1,0,3,SHOPPING,0
147.28,1,0,0,5,SHOPPING,0
5928.15,3,0,0,4,SHOPPING,0
10938.2,2,0,0,5,SHOPPING,0
1379.53,2,0,0,5,GROCERY,0
6476.22,3,0,0,5,ELECTRONICS,0
506.5,1,0,0,4,TRAVEL,0
1227.57,7,0,0,6,FOOD,0
7585.66,3,0,0,5,TRAVEL,0
2135.83,5,0,0,3,FOOD,0
12574.01,1,0,0,4,FOOD,0
17541.88,4,0,0,2,ELECTRONICS,0
24185.64,1,1,0,2,GAMING,0
3349.97,2,0,0,4,TRAVEL,0
2749.52,1,0,0,2,GAMING,0
1656.73,3,0,0,7,SHOPPING,0
15176.76,3,0,0,5,GROCERY,0
18386.92,4,0,1,5,TRAVEL,1
481.44,2,0,0,4,FOOD,0
41282.91,2,0,0,6,GAMING,0
800.56,3,0,0,3,SHOPPING,0
11690.26,3,0,0,2,ELECTRONICS,0
18519.6,3,0,0,2,TRAVEL,0
30715.55,2,0,0,4,GAMING,0
18781.01,2,0,0,4,CRYPTO,0
24271.74,4,0,0,2,GROCERY,0
6220.24,2,0,0,7,FOOD,0
25296.82,2,0,0,3,CRYPTO,0
1252.6,2,0,0,5,SHOPPING,0
33780.75,1,0,0,3,SHOPPING,0
11897.58,1,1,0,3,GROCERY,0
25498.46,2,0,0,4,TRAVEL,0
9030.91,5,0,0,8,FOOD,0
15474.59,4,0,0,2,GAMING,0
11210.97,3,0,0,3,FOOD,0
19728.57,5,0,0,7,SHOPPING,0
1277.32,1,0,0,2,GROCERY,0
933.75,1,0,0,5,TRAVEL,0
4257.41,3,1,1,3,OTHER,0
2607.17,1,1,0,4,GROCERY,0
30810.53,1,0,0,3,GROCERY,0
3711.81,1,0,0,4,SHOPPING,0
55861.54,3,0,0,4,ELECTRONICS,1
6162.35,3,0,0,1,OTHER,0
3015.56,2,0,0,3,GROCERY,0
23388.2,2,0,1,5,GAMING,1
16125.24,2,0,0,3,SHOPPING,0
10343.18,1,0,0,4,GROCERY,0
12157.47,2,0,0,6,GROCERY,0
19051.78,4,0,0,2,OTHER,0
3890.4,4,0,0,1,GAMING,0
84129.47,5,0,0,7,FOOD,1
55209.6,1,0,1,3,OTHER,1
15761.3,3,1,0,4,GROCERY,0
3338.58,2,0,0,5,FOOD,0
17102.22,1,0,0,3,ELECTRONICS,0
1124.06,1,0,1,2,OTHER,0
466.98,2,0,0,6,SHOPPING,0
4469.68,1,0,1,6,GAMING,0
9315.83,1,1,0,5,OTHER,0
30405.3,2,0,0,3,GROCERY,0
19483.54,1,0,0,3,FOOD,0
20363.07,4,0,0,1,GROCERY,0
8313.65,1,0,0,4,GAMING,0
6368.23,1,0,0,5,TRAVEL,0
6955.28,3,0,0,9,GROCERY,0
65910.96,3,1,0,2,SHOPPING,1
614.04,1,0,0,3,SHOPPING,0
30264.64,2,0,1,6,ELECTRONICS,0
12965.28,3,0,0,6,GAMING,0
8660.24,2,0,0,4,GROCERY,0
19378.82,3,0,0,8,SHOPPING,0
10002.51,3,0,0,5,GROCERY,0
31003.6,3,0,0,7,GAMING,0
34644.43,2,0,0,5,ELECTRONICS,0
8215.48,5,0,1,6,ELECTRONICS,1
4861.62,3,0,0,5,GROCERY,0
13460.21,4,0,0,2,SHOPPING,0
36518.34,1,0,0,1,CRYPTO,0
3548.41,1,0,0,5,ELECTRONICS,0
14631.32,3,0,1,1,CRYPTO,0
14977.17,2,0,0,1,FOOD,0
19813.95,2,1,0,1,FOOD,0
2115.98,1,0,0,4,SHOPPING,0
18872.47,5,1,0,2,SHOPPING,0
35958.8,3,0,0,1,FOOD,0
2970.97,1,0,0,3,SHOPPING,0
4068.14,6,0,0,8,ELECTRONICS,0
53312.66,2,0,1,5,TRAVEL,1
2994.65,1,0,0,4,GROCERY,0
28901.85,5,0,0,2,OTHER,0
10167.31,1,0,0,3,TRAVEL,0
4259.95,2,1,0,5,SHOPPING,0
30690.09,3,1,0,5,OTHER,0
8840.06,2,0,0,1,GROCERY,0
10848.45,2,0,0,4,SHOPPING,0
6676.35,7,0,0,1,GAMING,1
13482.32,2,0,0,7,SHOPPING,0
2678.36,5,0,0,4,ELECTRONICS,0
7441.06,3,0,1,1,OTHER,1
52307.37,3,0,0,1,FOOD,0
4478.79,2,0,0,7,FOOD,0
16038.86,2,0,0,1,SHOPPING,0
5899.86,2,1,0,4,SHOPPING,0
22273.38,5,0,0,9,GROCERY,0
2104.0,2,0,0,3,FOOD,0
52509.16,5,0,0,5,CRYPTO,1
9071.26,5,0,0,3,TRAVEL,0
4038.8,2,0,0,1,FOOD,0
1145.07,3,0,0,5,OTHER,0
2790.57,4,0,0,4,GAMING,0
11002.48,3,1,0,7,SHOPPING,0
6164.78,2,0,0,3,GAMING,0
26481.15,6,0,0,4,TRAVEL,0
8455.16,1,0,0,8,ELECTRONICS,0
4289.54,3,1,0,3,FOOD,0
14401.48,3,0,0,5,FOOD,0
18402.34,3,0,0,9,FOOD,0
2741.58,2,1,0,4,GROCERY,0
2751.98,5,1,0,7,SHOPPING,1
560.41,2,0,0,4,SHOPPING,0
19999.95,1,0,0,5,GROCERY,0
16350.94,2,0,0,5,CRYPTO,0
9654.81,1,0,0,1,ELECTRONICS,0
27884.89,1,0,0,5,SHOPPING,0
24572.97,3,0,0,4,OTHER,0
13204.97,3,0,0,4,OTHER,0
30405.16,4,0,0,6,GROCERY,0
3457.08,1,1,0,3,TRAVEL,0
1780.4,3,0,0,3,GAMING,0
4715.52,3,0,0,7,GROCERY,0
881.72,1,1,0,3,GROCERY,0
11362.71,1,0,1,4,FOOD,1
41375.72,4,0,0,2,FOOD,0
602.08,1,0,0,5,OTHER,0
1953.51,2,0,0,6,GAMING,0
9027.65,3,0,0,2,GROCERY,0
40743.13,1,0,0,5,GAMING,0
5700.38,3,0,0,3,GROCERY,0
10615.84,2,0,0,4,SHOPPING,0
636.93,5,0,0,6,FOOD,0
2408.57,1,0,0,1,FOOD,0
64721.27,1,0,0,3,FOOD,0
50337.06,5,0,0,4,GAMING,0
100.0,1,1,0,6,FOOD,0
45489.61,2,0,0,4,GAMING,0
15288.14,2,0,0,3,GROCERY,0
30365.02,3,0,0,5,TRAVEL,0
9097.38,1,0,0,3,CRYPTO,0
10872.54,4,0,0,4,GROCERY,0
10066.28,4,0,0,1,TRAVEL,0
16488.08,2,0,0,5,SHOPPING,0
2256.26,2,0,0,3,FOOD,0
456.48,2,0,0,2,GROCERY,0
5521.02,2,0,0,4,ELECTRONICS,0
18295.48,5,0,0,4,FOOD,0
3381.95,4,0,1,4,FOOD,0
16786.78,1,1,0,1,ELECTRONICS,0
52554.46,3,0,0,2,OTHER,0
1479.1,3,1,0,8,FOOD,0
16748.69,2,0,0,2,ELECTRONICS,0
8798.07,2,0,0,9,OTHER,0
30390.47,3,0,0,2,GROCERY,0
2924.72,6,0,0,1,SHOPPING,0
17695.35,1,0,0,1,GROCERY,0
27313.06,1,0,0,2,GAMING,0
43401.49,1,0,0,6,FOOD,0
17244.54,1,0,0,2,FOOD,0
10312.69,1,0,1,5,ELECTRONICS,1
14429.02,1,0,0,1,GAMING,0
30477.49,4,0,0,4,SHOPPING,0
12680.84,1,0,0,4,ELECTRONICS,0
462.87,6,0,0,6,OTHER,0
40093.58,1,1,0,4,OTHER,0
17544.86,2,0,0,3,ELECTRONICS,0
16928.96,3,0,1,3,OTHER,0
3643.98,1,0,0,1,CRYPTO,0
16133.05,6,0,0,5,ELECTRONICS,1
7509.77,4,0,0,4,OTHER,0
15800.27,1,0,0,1,GAMING,0
1690.7,2,0,1,1,SHOPPING,0
16087.38,7,0,0,9,SHOPPING,0
111625.84,2,0,1,5,GROCERY,1
741.19,2,0,0,1,GROCERY,0
56697.95,5,0,0,3,ELECTRONICS,0
7836.09,4,0,1,1,TRAVEL,1
30690.5,1,1,0,7,GAMING,0
22875.45,4,0,0,3,OTHER,0
12555.83,2,0,0,5,SHOPPING,0
20116.9,5,0,0,4,GROCERY,0
31619.54,2,0,0,6,TRAVEL,0
7766.25,1,0,0,6,GROCERY,0
5940.89,1,0,0,4,TRAVEL,0
16520.94,2,0,0,3,SHOPPING,0
24741.87,1,0,0,3,ELECTRONICS,0
21550.25,1,0,0,5,SHOPPING,0
23978.48,1,0,0,3,GROCERY,0
8579.44,3,0,0,3,FOOD,0
25542.57,6,0,0,3,ELECTRONICS,1
1921.06,2,0,0,1,SHOPPING,0
11795.03,1,0,0,2,SHOPPING,0
100.0,1,0,0,7,FOOD,0
5886.44,2,1,0,4,CRYPTO,0
6846.52,5,0,0,1,OTHER,0
7567.01,4,0,0,2,FOOD,0
17834.65,1,0,0,4,ELECTRONICS,0
7379.03,2,0,0,5,GROCERY,0
8931.97,4,1,0,1,ELECTRONICS,0
4068.16,3,0,0,5,SHOPPING,0
7008.16,2,0,0,4,TRAVEL,0
3867.38,2,0,0,4,FOOD,0
1140.2,2,0,0,7,CRYPTO,0
13874.24,1,0,1,1,GROCERY,0
16548.92,5,0,0,6,OTHER,0
14493.66,3,0,1,3,GROCERY,1
9340.16,3,0,0,3,FOOD,0
7165.36,2,0,0,2,TRAVEL,0
29853.19,5,0,0,9,CRYPTO,0
10980.87,2,1,0,7,TRAVEL,0
9785.32,2,0,1,6,FOOD,0
389.65,2,1,1,4,CRYPTO,1
6261.12,1,0,1,3,TRAVEL,1
7175.27,3,0,0,2,FOOD,0
7632.98,4,0,0,7,TRAVEL,0
13018.67,1,0,0,4,ELECTRONICS,0
11440.76,4,0,0,5,ELECTRONICS,0
14043.77,3,0,0,4,ELECTRONICS,0
21715.1,2,0,0,3,OTHER,0
25148.56,5,0,0,8,GAMING,0
18994.27,3,0,0,3,TRAVEL,0
46691.98,2,1,0,3,GROCERY,0
276.01,4,0,0,6,ELECTRONICS,0
3268.2,2,0,0,5,OTHER,0
113.87,2,0,0,5,FOOD,1
15639.49,3,0,1,5,TRAVEL,1
34246.23,5,0,0,2,GAMING,0
4185.44,2,0,1,5,TRAVEL,0
39266.54,2,0,0,3,OTHER,0
932.4,2,0,0,5,SHOPPING,0
40870.93,4,0,0,7,SHOPPING,0
6499.24,4,0,0,3,GROCERY,0
1604.11,1,0,0,4,OTHER,0
9979.24,1,0,0,7,FOOD,0
4451.38,1,0,0,4,OTHER,0
5029.42,1,0,0,5,FOOD,0
5507.16,5,0,0,2,FOOD,0
24370.25,1,0,1,2,SHOPPING,1
11620.61,3,1,0,1,ELECTRONICS,0
5594.41,4,0,0,8,SHOPPING,0
14136.97,3,1,1,4,SHOPPING,1
18889.68,1,1,1,5,SHOPPING,1
4774.68,3,0,0,3,OTHER,0
8005.0,2,0,0,6,OTHER,0
1949.68,2,0,0,4,FOOD,0
2997.8,1,0,0,1,ELECTRONICS,0
17144.01,2,1,0,4,ELECTRONICS,0
3003.1,3,0,0,3,ELECTRONICS,0
11171.77,3,1,0,3,GROCERY,1
18518.86,3,0,0,7,SHOPPING,0
1695.46,1,0,0,3,GAMING,0
12566.08,5,0,0,3,FOOD,1
4447.06,3,0,0,5,FOOD,0
49422.94,2,0,0,8,FOOD,0
9911.53,2,0,0,5,OTHER,0
24597.88,5,1,0,1,CRYPTO,0
11985.17,3,0,0,8,GROCERY,1
665.75,4,1,0,7,GAMING,0
15042.09,3,1,0,4,SHOPPING,1
45363.01,5,0,0,4,ELECTRONICS,0
13804.93,2,0,0,2,SHOPPING,0
25654.53,7,0,1,7,SHOPPING,0
32339.2,4,0,0,2,OTHER,0
3883.11,1,0,0,6,TRAVEL,0
3574.71,1,0,0,3,FOOD,0
14161.91,2,1,0,3,GROCERY,1
7940.66,2,0,0,6,OTHER,0
27475.72,3,0,0,4,GROCERY,0
34542.25,3,0,0,1,ELECTRONICS,0
6540.91,2,0,0,6,SHOPPING,0
4054.91,3,0,0,5,GROCERY,0
22747.79,3,0,0,9,GAMING,0
4819.74,2,0,0,6,OTHER,0
25941.43,4,0,0,3,GROCERY,0
8267.9,2,1,0,1,GROCERY,0
16518.98,6,0,0,4,CRYPTO,1
1506.18,8,0,0,3,SHOPPING,1
14666.88,2,0,0,7,ELECTRONICS,0
9015.84,5,0,0,4,SHOPPING,0
13250.4,2,1,0,3,SHOPPING,0
2759.1,5,0,0,3,FOOD,0
20026.82,3,0,0,3,TRAVEL,0
29794.41,2,1,0,11,GROCERY,0
3664.35,3,0,0,6,ELECTRONICS,0
1509.15,1,0,0,5,SHOPPING,0
358.84,3,0,0,2,CRYPTO,0
15407.14,1,0,0,3,OTHER,0
14012.77,1,0,0,9,OTHER,0
11867.93,2,0,0,5,TRAVEL,0
3958.45,2,0,0,6,FOOD,0
7436.74,1,0,0,6,SHOPPING,0
13538.64,1,1,1,5,ELECTRONICS,1
10300.53,3,0,1,2,ELECTRONICS,0
66077.0,3,0,1,3,GROCERY,1
2200.37,1,1,0,1,OTHER,1
17818.76,3,0,0,3,GROCERY,0
7770.74,5,0,0,3,TRAVEL,0
8384.48,4,0,0,5,SHOPPING,0
18966.34,1,1,0,3,TRAVEL,1
17686.09,1,1,0,5,SHOPPING,0
71090.8,3,0,0,4,GROCERY,0
2061.27,3,1,0,3,OTHER,0
1649.06,2,0,0,1,OTHER,0
19328.74,7,1,0,2,SHOPPING,1
12955.01,1,0,0,5,FOOD,0
4806.4,4,0,0,3,GROCERY,0
1241.26,2,0,0,4,GROCERY,0
1343.26,3,0,0,4,TRAVEL,1
33691.78,1,0,0,2,SHOPPING,0
3195.44,6,0,0,4,SHOPPING,0
5859.49,5,0,0,4,SHOPPING,0
3855.48,2,0,0,1,CRYPTO,0
6577.49,4,0,0,1,GROCERY,0
1079.27,1,0,1,3,SHOPPING,0
10980.18,3,0,0,3,ELECTRONICS,0
1050.1,2,1,0,1,OTHER,0
24168.33,4,0,0,2,ELECTRONICS,0
3992.96,2,0,0,5,SHOPPING,0
11648.32,3,1,0,2,GAMING,0
31813.84,6,0,0,1,OTHER,1
15784.98,2,0,0,3,OTHER,0
11420.03,3,0,0,3,GROCERY,0
5880.84,2,0,0,5,TRAVEL,0
6074.52,5,0,0,5,GAMING,0
16606.64,3,0,0,5,ELECTRONICS,0
77092.45,3,0,1,2,SHOPPING,0
16263.51,4,0,0,4,FOOD,0
12239.33,3,0,0,9,TRAVEL,0
19676.18,8,0,0,2,SHOPPING,0
9388.09,4,0,0,2,SHOPPING,0
930.4,1,0,0,3,CRYPTO,0
12393.21,3,1,1,2,FOOD,0
47418.05,1,0,0,4,TRAVEL,0
2891.09,2,1,0,8,CRYPTO,0
17567.98,2,0,1,4,TRAVEL,0
3364.67,1,0,1,2,SHOPPING,0
11512.49,3,0,0,2,GROCERY,0
1525.12,3,0,0,3,ELECTRONICS,0
8977.67,3,1,0,6,OTHER,0
21168.85,1,0,0,4,GAMING,1
6405.81,3,0,0,3,TRAVEL,0
16400.42,5,0,0,2,SHOPPING,0
23804.14,2,0,0,1,FOOD,0
39296.02,1,0,0,1,ELECTRONICS,0
4011.18,2,1,0,4,GROCERY,0
7645.29,3,0,0,3,OTHER,0
2480.48,5,1,0,7,SHOPPING,1
73359.82,1,0,0,8,SHOPPING,0
39259.64,1,0,0,3,FOOD,0
11646.53,2,0,0,5,SHOPPING,0
27680.56,4,0,0,5,ELECTRONICS,0
11039.5,1,0,0,1,FOOD,0
14655.97,5,0,0,3,ELECTRONICS,0
1400.23,2,0,0,4,TRAVEL,0
21114.02,1,0,0,4,SHOPPING,0
2049.56,2,0,0,1,FOOD,0
26236.33,5,0,0,3,CRYPTO,0
22850.84,1,0,0,5,GROCERY,0
18503.33,4,0,0,2,ELECTRONICS,0
552.46,3,0,0,3,SHOPPING,0
5417.31,1,0,0,4,ELECTRONICS,0
4579.8,2,0,0,3,SHOPPING,0
6697.5,4,0,0,4,GROCERY,0
1375.85,4,0,0,6,OTHER,0
41459.27,1,0,0,3,GROCERY,0
12104.9,3,0,0,5,GROCERY,0
5468.97,5,0,0,5,SHOPPING,0
7587.11,1,0,0,2,OTHER,0
8891.45,3,0,0,3,FOOD,0
13766.67,2,0,0,4,TRAVEL,0
10875.12,2,0,0,5,SHOPPING,0
37772.36,1,0,0,3,FOOD,0
10306.39,2,0,0,4,ELECTRONICS,0
72723.95,3,0,1,5,SHOPPING,1
28599.98,5,0,0,8,TRAVEL,0
3507.58,5,0,0,2,FOOD,0
40016.99,2,0,0,1,OTHER,0
1855.69,3,0,0,3,GROCERY,0
25510.94,1,0,0,5,ELECTRONICS,0
7185.62,4,0,0,5,OTHER,0
31552.86,2,1,0,2,GROCERY,0
30380.74,6,0,0,5,GROCERY,0
24592.69,2,1,0,7,FOOD,1
23411.89,4,0,0,5,GAMING,0
5450.73,4,0,0,3,ELECTRONICS,1
1265.72,2,0,0,7,GAMING,0
7737.07,4,0,0,2,SHOPPING,0
2858.78,1,0,0,3,OTHER,0
17809.25,1,0,0,2,SHOPPING,0
6372.01,3,0,0,3,GAMING,0
55703.85,4,0,0,5,SHOPPING,0
15365.33,2,0,0,2,FOOD,0
25930.13,2,0,0,2,FOOD,0
2132.52,4,0,0,2,GROCERY,0
29709.1,2,0,0,5,GROCERY,0
38412.02,1,0,0,5,SHOPPING,0
10014.0,3,0,0,2,GROCERY,0
13980.7,1,0,0,7,SHOPPING,0
21710.41,1,0,0,7,GROCERY,0
2882.64,3,0,0,3,SHOPPING,0
10474.39,3,0,0,6,OTHER,0
7629.0,2,0,0,4,SHOPPING,0
2373.93,1,0,0,4,GROCERY,0
6871.94,4,0,1,9,FOOD,0
1059.11,1,0,0,7,GAMING,0
392.26,3,1,0,5,FOOD,0
2178.27,1,0,0,3,SHOPPING,0
49499.3,3,0,0,6,GAMING,0
11961.94,4,0,1,4,FOOD,0
50642.67,2,0,0,1,SHOPPING,0
8497.66,2,0,0,3,GROCERY,0
5605.49,1,0,0,1,GROCERY,0
10582.6,3,0,0,2,FOOD,0
8684.2,2,0,0,5,SHOPPING,0
1675.12,3,0,0,9,GAMING,0
15359.24,2,0,0,4,SHOPPING,0
3650.92,6,0,0,3,SHOPPING,0
14497.5,3,0,0,4,FOOD,0
15755.95,1,0,0,5,FOOD,0
2473.56,2,0,0,4,SHOPPING,0
949.68,3,0,0,6,OTHER,0
22763.93,5,0,1,4,GROCERY,1
9237.25,4,0,0,3,TRAVEL,0
898.86,1,0,0,7,OTHER,0
79078.98,1,0,0,5,SHOPPING,0
892.76,7,0,0,2,ELECTRONICS,1
17813.39,4,1,0,4,TRAVEL,0
61729.47,1,0,0,3,FOOD,0
4100.38,1,0,0,2,GROCERY,0
2301.63,5,0,0,6,FOOD,0
1941.13,7,0,0,3,GROCERY,0
5420.47,2,0,0,2,GAMING,0
1597.85,4,0,0,3,SHOPPING,0
17672.69,2,0,0,5,GAMING,0
964.75,1,0,0,5,FOOD,0
10682.57,5,1,1,7,GAMING,1
85693.2,6,0,0,3,FOOD,1
25227.73,1,0,0,1,GROCERY,0
14326.23,2,0,0,3,SHOPPING,0
5484.73,1,0,0,1,OTHER,0
14668.34,2,0,0,5,SHOPPING,0
11231.21,4,0,0,4,SHOPPING,0
8329.07,2,0,0,5,SHOPPING,0
2101.18,2,0,1,7,SHOPPING,0
32653.07,1,0,0,5,FOOD,0
8961.68,3,0,0,9,SHOPPING,0
3246.66,2,0,0,3,SHOPPING,0
6877.28,2,0,0,2,ELECTRONICS,0
8019.85,1,0,0,3,GROCERY,0
26363.67,4,0,0,7,TRAVEL,0
19842.15,4,0,1,1,ELECTRONICS,0
21999.87,3,0,0,8,SHOPPING,0
166.39,2,0,0,4,SHOPPING,0
8071.77,6,0,0,1,ELECTRONICS,0
9847.72,2,1,0,5,SHOPPING,0
290.68,3,0,0,4,FOOD,0
4512.79,2,0,0,2,GAMING,0
21424.87,5,0,0,7,OTHER,0
2212.02,2,0,0,6,FOOD,0
11495.78,2,0,0,3,OTHER,0
3634.93,5,0,0,6,SHOPPING,0
182.92,2,1,0,4,SHOPPING,0
4140.28,2,0,1,9,OTHER,1
55866.83,6,0,1,4,OTHER,1
24257.3,1,0,0,3,FOOD,0
48125.21,4,0,0,1,SHOPPING,0
10037.18,1,0,0,3,CRYPTO,0
1743.56,3,1,0,4,SHOPPING,0
11909.75,2,1,0,4,FOOD,0
9087.41,3,1,1,2,OTHER,1
27902.86,4,0,0,3,FOOD,0
1548.48,2,0,0,3,TRAVEL,0
10048.53,8,0,0,1,SHOPPING,0
2438.64,1,0,0,4,SHOPPING,0
5888.44,6,0,0,1,GROCERY,0
20054.4,3,0,0,8,FOOD,0
9694.47,1,0,0,2,GROCERY,0
7071.39,1,0,0,5,ELECTRONICS,0
7524.92,2,0,0,1,ELECTRONICS,0
9227.43,3,1,0,4,GAMING,0
23057.91,5,0,0,4,ELECTRONICS,0
33396.13,1,0,0,4,GROCERY,0
46628.37,1,0,1,3,OTHER,0
23190.14,2,0,1,3,GROCERY,0
5683.96,3,0,0,5,SHOPPING,0
17477.76,2,1,0,7,ELECTRONICS,0
8633.21,4,1,0,7,GROCERY,0
4408.94,3,1,1,5,GROCERY,1
27570.66,2,0,0,6,CRYPTO,0
587.76,2,0,0,2,FOOD,0
34805.43,3,0,0,1,ELECTRONICS,0
9283.89,2,0,0,5,CRYPTO,1
15208.61,1,0,0,3,OTHER,0
16153.67,3,0,0,6,FOOD,0
33823.75,7,0,0,1,GROCERY,0
15186.64,3,0,0,5,ELECTRONICS,0
14276.19,2,0,0,3,GROCERY,0
1034.66,5,0,0,4,TRAVEL,0
10959.87,1,1,0,5,SHOPPING,1
2440.77,1,0,0,3,TRAVEL,0
20058.78,1,1,0,3,TRAVEL,0
10768.42,4,0,1,3,CRYPTO,0
17102.2,2,0,0,5,FOOD,0
638.49,3,0,0,5,TRAVEL,1
1329.06,3,0,0,2,FOOD,0
18898.81,2,0,0,4,FOOD,0
1122.22,1,0,0,5,GROCERY,0
1108.84,1,1,0,11,TRAVEL,1
182.74,2,0,0,4,OTHER,0
47025.4,2,0,0,1,GAMING,0
20063.04,1,0,0,5,FOOD,0
6536.96,1,0,1,4,ELECTRONICS,0
5276.07,3,0,0,1,FOOD,0
6454.9,1,0,1,9,GAMING,0
22351.74,6,0,0,1,CRYPTO,0
16242.74,3,0,1,7,FOOD,1
3072.11,1,0,0,2,GROCERY,0
2869.39,3,0,0,5,FOOD,0
1553.69,1,0,0,2,FOOD,0
16195.51,3,0,0,3,TRAVEL,0
21682.56,2,0,0,4,FOOD,0
4619.22,2,0,0,3,GROCERY,0
317.51,1,0,0,4,SHOPPING,0
1286.17,5,0,0,5,CRYPTO,0
51564.83,2,0,0,2,SHOPPING,0
5252.83,1,0,0,5,SHOPPING,0
21994.56,3,0,1,8,GROCERY,1
14698.99,2,0,1,4,SHOPPING,0
7217.54,4,0,0,5,FOOD,0
3454.17,2,0,0,4,OTHER,0
1941.15,4,0,0,3,GROCERY,0
14318.18,5,0,0,5,FOOD,0
22350.43,1,0,0,5,GROCERY,0
15488.33,4,0,0,3,CRYPTO,0
11334.98,1,0,0,3,SHOPPING,0
642.85,3,0,0,7,GAMING,0
51861.17,2,0,0,3,ELECTRONICS,0
24045.44,4,0,1,6,OTHER,0
5197.09,1,0,0,2,GROCERY,0
58658.11,5,0,0,4,FOOD,0
13815.09,3,0,0,3,ELECTRONICS,0
13099.28,1,0,0,2,TRAVEL,0
20679.25,1,0,0,5,ELECTRONICS,0
25051.34,3,0,0,3,TRAVEL,0
16027.59,4,0,0,1,TRAVEL,0
2056.13,2,0,0,3,OTHER,0
6193.41,1,0,0,3,OTHER,0
39483.77,2,0,0,2,GROCERY,0
3815.95,6,0,0,5,SHOPPING,0
6982.22,3,0,0,1,SHOPPING,0
8486.54,4,0,0,5,SHOPPING,0
8681.35,1,1,0,3,GROCERY,0
14237.62,3,0,0,3,SHOPPING,0
42990.53,2,0,0,5,OTHER,0
4130.23,4,1,0,2,GROCERY,0
1943.11,1,0,0,6,GAMING,0
3299.8,3,0,0,4,GROCERY,0
32695.55,2,0,0,6,TRAVEL,0
15568.86,1,0,0,2,SHOPPING,0
5051.13,3,0,0,6,FOOD,0
25387.97,2,1,0,4,CRYPTO,1
29639.2,3,0,0,11,OTHER,0
28112.22,2,0,0,8,SHOPPING,0
37685.99,2,0,0,4,TRAVEL,0
4360.12,4,1,0,3,TRAVEL,0
21100.02,3,1,0,3,GROCERY,0
9257.79,3,0,0,4,GROCERY,0
27677.27,6,1,0,2,GAMING,1
19556.38,2,0,0,3,SHOPPING,0
22471.63,5,1,0,3,FOOD,0
16013.76,3,0,0,3,OTHER,1
2929.8,1,0,0,1,GROCERY,0
11812.76,1,0,0,7,FOOD,0
62668.9,2,0,0,7,CRYPTO,1
41561.99,4,0,0,5,SHOPPING,0
662.0,2,0,0,4,TRAVEL,0
2701.53,6,0,0,1,GROCERY,0
2118.77,3,1,0,3,OTHER,0
19418.31,4,0,0,3,GROCERY,0
25538.55,7,0,0,4,FOOD,0
3602.66,3,0,0,3,GROCERY,0
10573.82,3,1,0,3,SHOPPING,0
27554.78,1,0,0,3,GAMING,0
19796.45,3,1,0,1,FOOD,1
11721.06,2,1,0,8,GROCERY,0
13386.7,4,0,0,5,SHOPPING,0
10650.14,4,0,0,6,OTHER,0
5297.68,1,0,0,8,GROCERY,0
12486.9,4,1,1,2,SHOPPING,1
17513.9,4,0,0,5,ELECTRONICS,0
30991.71,2,0,0,5,GAMING,0
15171.03,5,0,0,1,ELECTRONICS,0
21477.01,1,0,1,4,GROCERY,1
2616.58,3,0,1,7,SHOPPING,0
9286.12,1,0,0,5,GROCERY,0
140.63,2,0,0,3,TRAVEL,0
4248.96,2,0,0,5,GROCERY,0
19444.71,1,1,0,2,GROCERY,0
72072.53,1,0,0,2,FOOD,0
1566.72,1,1,0,5,OTHER,0
7699.79,3,0,0,4,ELECTRONICS,0
24146.89,5,0,0,4,GROCERY,0
3423.01,3,0,0,4,FOOD,0
12148.08,4,1,0,1,GROCERY,1
19811.61,1,1,0,9,FOOD,0
14356.12,1,0,0,2,ELECTRONICS,0
3124.28,3,0,1,5,GAMING,0
6586.52,5,0,0,5,GAMING,0
22972.7,6,0,1,2,OTHER,1
12119.17,3,1,0,2,SHOPPING,0
100.0,1,0,0,3,CRYPTO,0
21468.8,2,1,0,5,ELECTRONICS,0
539.25,1,0,0,11,SHOPPING,0
20540.6,2,0,0,6,OTHER,0
3393.74,1,0,0,3,OTHER,0
47577.55,3,0,0,4,OTHER,0
6881.58,1,0,0,3,FOOD,0
5938.63,3,0,0,4,FOOD,0
2418.17,4,0,0,1,OTHER,0
5470.7,3,0,0,3,SHOPPING,0
31391.03,1,0,0,3,GAMING,0
84131.19,1,0,0,2,ELECTRONICS,0
6890.34,4,0,1,3,GAMING,1
8929.71,2,0,0,5,GROCERY,0
19205.84,2,0,0,2,SHOPPING,0
32599.14,1,0,0,3,CRYPTO,0
13485.77,2,0,0,7,SHOPPING,0
7452.01,2,0,0,3,ELECTRONICS,0
7981.3,3,1,0,5,GAMING,1
17842.08,2,0,0,2,GROCERY,0
100.0,2,0,0,2,GROCERY,0
14497.56,4,0,0,6,ELECTRONICS,0
6589.04,2,0,0,3,GROCERY,0
23712.56,4,0,1,7,FOOD,1
1464.04,1,0,0,2,OTHER,0
13308.34,1,0,0,5,TRAVEL,0
9836.99,1,0,0,2,OTHER,0
15421.98,3,0,0,7,FOOD,0
1005.78,5,0,0,4,TRAVEL,0
13011.93,1,0,0,4,FOOD,0
12365.4,2,0,0,4,GROCERY,0
12337.23,2,1,0,6,OTHER,0
13875.72,1,0,0,6,GROCERY,0
16926.86,1,0,1,6,GROCERY,0
24520.49,1,1,1,8,CRYPTO,1
4716.98,1,0,0,5,GAMING,0
26148.78,2,0,0,5,OTHER,0
10344.97,1,1,0,6,GROCERY,0
1202.84,4,1,0,3,GROCERY,1
905.03,6,0,0,6,SHOPPING,0
6102.35,1,0,0,4,TRAVEL,0
23049.57,3,0,1,4,GROCERY,1
18448.64,2,0,0,5,GROCERY,0
23311.11,1,0,0,4,ELECTRONICS,0
10924.44,4,0,0,5,ELECTRONICS,0
8702.61,1,1,0,3,GROCERY,1
2392.9,1,0,1,3,OTHER,1
5966.76,3,0,0,5,FOOD,0
8537.93,1,0,0,3,OTHER,0
1391.61,2,0,0,4,OTHER,0
3738.69,4,0,1,5,SHOPPING,0
13677.96,3,0,0,3,SHOPPING,0
19957.96,2,0,0,3,FOOD,0
96082.09,5,1,0,3,GAMING,0
40571.33,2,0,0,5,GROCERY,0
15432.03,1,0,0,2,TRAVEL,0
8203.22,4,0,0,5,TRAVEL,0
15166.33,4,0,0,1,FOOD,0
23102.29,4,0,0,3,OTHER,1
1889.17,5,0,1,3,CRYPTO,1
7912.07,3,0,0,4,GROCERY,0
27470.2,1,0,0,4,SHOPPING,0
7263.56,1,1,0,4,SHOPPING,0
12725.01,4,0,0,4,OTHER,0
13292.58,7,0,1,5,FOOD,1
3058.87,1,0,0,6,OTHER,0
6746.79,1,0,0,5,FOOD,0
6108.5,1,0,0,8,FOOD,0
398.19,1,0,0,2,ELECTRONICS,0
367.34,3,0,0,2,GROCERY,0
26729.84,1,0,0,1,OTHER,0
4783.89,2,0,0,2,GROCERY,0
10949.62,2,0,0,3,OTHER,0
5322.84,1,1,0,3,CRYPTO,1
42371.94,6,1,0,2,CRYPTO,1
4502.33,1,0,0,8,SHOPPING,0
8422.76,8,0,0,6,SHOPPING,0
30921.7,3,0,0,1,SHOPPING,0
27671.1,3,0,0,4,OTHER,0
3088.79,1,1,0,2,GROCERY,0
24341.14,2,0,0,7,SHOPPING,0
9192.51,1,0,0,5,OTHER,0
9894.78,1,0,0,3,SHOPPING,0
2149.05,2,0,0,2,SHOPPING,0
1260.53,1,0,0,3,TRAVEL,0
19525.95,1,0,0,4,OTHER,0
10291.42,4,0,0,3,FOOD,0
8613.16,4,0,0,3,OTHER,0
19612.7,1,0,0,6,FOOD,0
21755.32,9,0,0,4,GAMING,1
2595.82,2,0,0,6,FOOD,0
14132.79,2,0,0,3,GROCERY,0
2181.53,1,0,0,7,GAMING,0
20877.15,2,1,0,4,SHOPPING,1
16048.41,2,0,0,6,SHOPPING,0
47064.49,3,0,0,1,SHOPPING,0
1071.76,1,0,0,5,TRAVEL,0
881.21,1,0,0,6,FOOD,0
4973.19,2,1,0,10,FOOD,0
4551.19,3,0,0,4,SHOPPING,0
4254.93,2,0,1,9,GROCERY,0
35507.59,1,1,0,3,TRAVEL,0
4306.16,3,0,0,7,GAMING,0
4760.78,1,0,0,2,ELECTRONICS,0
21369.18,4,0,0,5,SHOPPING,0
8960.46,7,0,1,3,TRAVEL,1
22489.3,1,0,0,4,GROCERY,0
1014.01,2,0,0,7,OTHER,0
10028.9,5,0,0,3,TRAVEL,0
512.87,3,1,0,8,FOOD,1
970.53,3,0,0,3,FOOD,0
35536.88,4,0,1,1,ELECTRONICS,0
2249.19,2,0,0,4,TRAVEL,0
11402.79,3,0,0,4,GROCERY,0
7942.37,3,0,0,3,SHOPPING,0
6400.56,2,0,0,4,ELECTRONICS,0
34513.8,5,0,0,4,FOOD,0
330.98,6,0,0,4,SHOPPING,0
16350.28,4,0,0,2,FOOD,0
49613.32,1,0,1,2,GROCERY,1
12320.44,3,0,0,3,SHOPPING,0
41427.1,1,0,0,1,ELECTRONICS,0
805.09,3,0,0,3,FOOD,0
8139.73,1,0,0,4,GAMING,0
4519.78,3,0,0,5,ELECTRONICS,0
19685.68,2,0,0,4,SHOPPING,0
59686.14,2,1,1,6,OTHER,1
4446.4,1,0,0,2,OTHER,0
15927.32,4,0,0,2,TRAVEL,0
3311.53,5,0,0,3,TRAVEL,0
12497.53,1,0,0,5,FOOD,0
9352.43,1,1,0,3,OTHER,0
53636.12,3,0,0,7,OTHER,0
14067.59,4,1,0,5,ELECTRONICS,1
6450.36,4,0,0,3,GROCERY,0
1817.2,4,0,0,7,ELECTRONICS,0
2459.8,1,0,0,5,FOOD,0
3829.52,1,0,1,2,GROCERY,0
4334.58,3,0,1,6,GAMING,1
28518.53,4,1,0,4,OTHER,0
12356.45,2,0,0,6,GROCERY,0
11115.88,1,0,1,2,GROCERY,0
1828.6,1,0,0,6,FOOD,0
29506.67,2,0,0,4,OTHER,0
19246.01,3,0,0,6,ELECTRONICS,0
1051.0,1,0,0,2,ELECTRONICS,0
18456.55,1,0,0,5,SHOPPING,0
11763.75,3,0,0,5,SHOPPING,0
1278.88,4,0,0,4,FOOD,0
9195.66,3,0,0,7,GROCERY,0
9944.98,3,0,0,3,GAMING,0
2718.77,2,1,0,5,SHOPPING,0
43697.95,3,0,0,6,FOOD,0
28454.34,1,0,0,7,TRAVEL,0
16585.57,4,0,0,2,FOOD,0
9306.69,3,0,0,1,SHOPPING,0
7959.45,3,0,0,4,GROCERY,0
15789.11,2,1,1,3,GAMING,1
11826.11,2,0,0,4,FOOD,0
964.45,1,1,0,4,SHOPPING,0
10777.06,1,0,1,5,GAMING,1
24629.7,3,0,0,1,ELECTRONICS,0
9221.69,6,0,0,6,SHOPPING,0
800.32,1,0,0,3,GROCERY,0
23146.2,1,0,0,1,OTHER,0
3372.75,1,0,0,3,GROCERY,0
4488.65,2,0,0,1,ELECTRONICS,0
2699.58,2,0,0,6,OTHER,1
6011.98,4,0,1,3,FOOD,0
21205.08,3,0,0,4,GROCERY,0
10990.36,3,0,0,8,FOOD,0
3438.96,1,1,0,5,FOOD,0
31535.14,2,1,0,6,SHOPPING,0
31751.78,1,0,0,3,SHOPPING,0
30670.2,1,0,0,3,ELECTRONICS,0
4092.81,7,0,1,2,OTHER,1
9001.39,5,0,0,3,SHOPPING,0
62985.24,1,0,0,4,ELECTRONICS,0
22176.97,1,0,1,1,GROCERY,1
413.15,2,0,0,6,FOOD,0
1011.41,1,0,0,4,GROCERY,0
9352.4,4,0,0,2,ELECTRONICS,0
35989.78,3,0,0,5,OTHER,0
11605.66,3,0,0,7,OTHER,0
10331.73,3,0,1,3,FOOD,0
1671.91,1,0,0,1,FOOD,0
16040.76,3,0,0,1,FOOD,0
25898.27,3,0,0,2,FOOD,0
7180.7,1,0,0,2,GROCERY,0
22415.67,5,0,0,7,GROCERY,0
50063.48,3,0,0,1,FOOD,0
3417.94,3,0,0,4,GROCERY,0
11113.95,2,0,0,3,GROCERY,0
5077.01,1,0,0,5,ELECTRONICS,0
23615.0,3,1,0,1,TRAVEL,0
12926.8,3,0,0,5,OTHER,0
15100.72,2,0,0,2,SHOPPING,0
23985.94,5,1,0,2,SHOPPING,0
7561.98,2,1,0,3,GROCERY,0
36992.46,2,0,0,4,GROCERY,0
11422.32,4,0,1,3,ELECTRONICS,0
2578.82,1,0,0,4,FOOD,0
17855.94,3,0,0,6,GAMING,0
23644.5,2,0,0,4,ELECTRONICS,0
5713.67,3,0,0,5,ELECTRONICS,0
29192.47,3,0,0,5,ELECTRONICS,0
35489.78,2,0,0,7,ELECTRONICS,0
4863.21,3,0,0,5,SHOPPING,0
61585.46,2,1,0,4,ELECTRONICS,1
2274.76,2,0,0,4,SHOPPING,0
3384.99,4,0,0,6,FOOD,0
3054.25,3,0,0,4,FOOD,0
33663.29,4,0,0,3,SHOPPING,0
15932.44,6,0,0,6,GROCERY,1
2474.96,3,0,0,7,OTHER,0
8705.94,3,0,1,5,FOOD,0
14329.3,1,0,0,7,GROCERY,0
1307.31,5,0,0,3,SHOPPING,0
32109.08,2,0,0,3,GAMING,0
24414.3,1,1,0,5,SHOPPING,0
10554.23,4,0,1,3,FOOD,0
51226.38,4,0,0,7,SHOPPING,0
8113.11,3,0,1,4,TRAVEL,0
62131.28,4,0,0,4,GAMING,0
16535.69,1,0,0,4,GAMING,0
15104.37,4,0,0,5,ELECTRONICS,0
2722.02,1,0,1,2,GROCERY,1
32046.88,5,0,0,2,GROCERY,0
8365.87,1,0,0,5,OTHER,0
2655.24,2,1,0,5,FOOD,0
190.32,2,0,1,2,FOOD,0
12306.38,1,0,0,3,ELECTRONICS,0
11242.58,4,0,0,7,TRAVEL,0
19059.9,1,0,0,4,SHOPPING,0
33144.35,4,0,0,2,GROCERY,0
1241.05,2,1,0,3,GROCERY,0
19723.37,1,0,0,7,ELECTRONICS,0
3112.96,1,0,0,3,GROCERY,0
29297.64,3,0,0,8,SHOPPING,0
25644.14,2,1,0,3,ELECTRONICS,0
11673.84,1,0,0,4,OTHER,0
18580.68,3,0,0,6,CRYPTO,0
5660.82,1,0,0,1,CRYPTO,1
9556.26,1,0,0,3,SHOPPING,0
25859.01,6,0,0,2,OTHER,0
9222.39,2,0,1,6,ELECTRONICS,0
6642.79,5,0,0,2,OTHER,1
10224.58,2,0,0,6,GROCERY,0
26425.66,4,0,0,5,GROCERY,0
6124.22,1,0,0,2,SHOPPING,0
2863.08,3,0,0,1,GAMING,0
18672.65,1,0,1,2,SHOPPING,1
26228.62,1,0,0,3,OTHER,0
1591.04,2,0,0,6,FOOD,0
4114.07,1,0,0,2,GROCERY,0
2296.78,1,0,0,5,GAMING,0
6414.31,3,0,0,5,TRAVEL,0
8977.13,1,0,0,4,SHOPPING,0
20724.16,3,0,0,2,CRYPTO,0
15796.59,1,0,0,1,GAMING,0
14550.46,4,0,1,3,FOOD,0
6516.65,3,0,0,5,CRYPTO,0
27625.05,5,0,0,2,FOOD,0
9559.65,5,0,0,6,TRAVEL,0
58023.64,1,0,1,4,GROCERY,0
15082.66,3,0,0,4,FOOD,0
2024.67,2,1,1,8,SHOPPING,0
16913.4,2,1,0,4,FOOD,1
5897.95,5,0,0,8,GROCERY,0
17391.07,5,1,0,7,SHOPPING,0
1082.77,2,0,0,4,SHOPPING,0
2883.42,1,1,0,4,GROCERY,0
29041.79,4,0,0,4,GROCERY,0
3865.63,3,1,0,3,GROCERY,1
27213.86,5,0,0,6,GROCERY,0
4912.49,1,0,0,2,SHOPPING,0
15445.33,1,0,0,3,GROCERY,0
17769.94,2,0,0,4,OTHER,0
10781.74,1,0,1,6,GROCERY,0
5464.36,4,1,0,4,GROCERY,1
3586.13,1,0,0,3,SHOPPING,0
506.29,4,0,0,1,GROCERY,0
5434.93,1,0,0,3,GROCERY,0
15883.5,1,0,0,4,GAMING,0
41783.24,3,1,0,4,TRAVEL,0
30742.94,4,1,0,2,GROCERY,0
21790.67,4,0,0,5,SHOPPING,0
23299.22,3,0,0,6,GROCERY,0
16403.7,1,0,0,4,SHOPPING,0
4522.39,2,0,0,4,SHOPPING,0
35658.83,1,0,0,3,GAMING,0
16663.26,3,0,0,3,ELECTRONICS,0
12329.74,3,0,0,2,OTHER,0
1764.69,3,0,0,3,GROCERY,0
8887.47,1,0,0,4,SHOPPING,0
9252.75,1,0,0,3,GROCERY,0
29988.8,1,0,0,5,GAMING,0
11866.3,2,0,0,7,SHOPPING,0
7180.23,4,1,0,5,GROCERY,0
56454.26,2,0,0,1,FOOD,0
1760.16,3,0,0,2,FOOD,0
8236.96,4,0,1,1,GAMING,0
644.0,2,1,0,2,GROCERY,0
20200.57,3,0,0,5,TRAVEL,0
37529.55,3,0,0,5,GAMING,0
4928.34,3,0,0,1,ELECTRONICS,0
29315.06,1,0,0,2,OTHER,0
5184.29,2,0,0,3,GROCERY,0
36248.1,1,0,0,1,SHOPPING,0
21034.03,1,1,0,3,SHOPPING,0
24514.17,2,0,0,1,GROCERY,0
272.56,1,0,0,5,GAMING,0
49375.87,7,1,0,6,ELECTRONICS,1
19456.19,1,0,0,7,SHOPPING,0
5452.28,2,0,0,1,SHOPPING,0
26526.04,2,0,0,3,OTHER,1
4959.29,5,1,0,5,FOOD,0
30924.48,2,0,0,4,FOOD,0
1791.56,2,0,0,3,OTHER,0
18245.03,1,0,0,4,GROCERY,0
11670.73,1,1,0,1,GAMING,0
1522.76,1,1,0,4,ELECTRONICS,0
4153.98,4,0,0,6,OTHER,0
187.22,1,0,0,7,GROCERY,0
9488.35,4,0,0,4,OTHER,0
5377.26,3,0,0,3,GROCERY,0
13682.89,2,0,0,7,FOOD,0
5291.05,2,0,0,1,GROCERY,0
5348.39,3,0,0,7,GROCERY,0
20391.47,3,0,0,3,OTHER,0
740.1,2,0,0,2,ELECTRONICS,0
34979.44,3,0,0,5,SHOPPING,0
28684.91,3,0,0,5,GROCERY,0
16530.48,5,0,0,3,SHOPPING,0
13492.3,1,0,1,1,FOOD,0
33426.43,1,0,0,2,FOOD,0
3074.59,3,0,0,10,TRAVEL,0
1233.93,3,1,0,3,GAMING,0
4106.89,1,0,0,4,SHOPPING,0
23740.35,1,1,0,4,SHOPPING,0
529.28,1,0,0,1,ELECTRONICS,0
13113.09,3,0,0,4,GROCERY,0
80848.32,1,0,0,5,GAMING,1
29037.51,4,0,0,7,CRYPTO,0
11054.78,1,0,0,6,SHOPPING,0
986.34,1,0,1,1,GROCERY,0
26701.04,2,1,0,3,SHOPPING,1
13706.1,3,0,0,2,GROCERY,0
1831.38,3,0,0,2,GAMING,0
1478.38,1,0,0,3,FOOD,0
36057.12,3,0,0,8,FOOD,0
16593.63,2,0,1,2,OTHER,0
26516.55,3,0,0,4,SHOPPING,0
31676.86,3,0,1,2,GAMING,0
12721.51,3,0,0,1,TRAVEL,0
10929.95,3,0,0,5,FOOD,0
8443.04,5,0,0,7,GROCERY,0
5717.73,5,0,0,3,GAMING,0
8553.22,4,1,0,5,GAMING,0
22300.32,1,0,0,3,GROCERY,0
13816.66,4,0,1,4,FOOD,0
33457.22,2,0,0,2,GAMING,0
8788.09,1,0,0,5,OTHER,0
14012.6,2,0,0,1,CRYPTO,0
14966.89,2,0,0,4,ELECTRONICS,0
13436.19,7,0,0,6,OTHER,0
18191.86,4,0,0,2,FOOD,0
4065.98,2,0,0,5,GROCERY,0
10772.78,3,0,0,2,FOOD,0
1650.99,3,0,1,1,OTHER,1
7280.08,5,0,0,5,OTHER,0
10031.71,4,0,0,4,GROCERY,0
15842.96,1,0,0,5,SHOPPING,0
45096.15,2,0,0,6,GROCERY,0
13768.8,2,1,0,4,GAMING,0
20414.89,3,0,0,3,SHOPPING,0
10586.38,3,1,0,2,OTHER,0
15081.09,6,0,0,4,GROCERY,1
1103.6,1,0,0,9,ELECTRONICS,0
4403.32,2,0,0,8,SHOPPING,0
6737.8,2,0,0,7,FOOD,0
9593.91,2,0,0,3,SHOPPING,1
700.85,5,0,0,1,SHOPPING,0
2262.76,1,0,0,5,FOOD,0
4861.34,2,0,0,4,TRAVEL,0
53384.98,1,0,0,4,ELECTRONICS,0
6037.35,4,0,0,3,GROCERY,0
9867.89,1,1,0,6,TRAVEL,0
3274.16,2,0,0,5,ELECTRONICS,0
14154.16,1,0,0,2,GROCERY,0
4941.8,4,1,0,2,ELECTRONICS,0
3478.84,1,0,0,2,GAMING,0
10902.81,2,0,0,6,CRYPTO,0
100.0,4,1,1,5,GROCERY,0
115.4,3,0,0,2,ELECTRONICS,0
3709.02,6,0,0,3,GAMING,0
561.19,4,0,0,3,SHOPPING,0
1714.77,1,0,1,3,SHOPPING,1
6206.86,1,0,0,3,FOOD,0
24336.76,1,0,1,5,FOOD,0
12731.19,2,0,0,3,SHOPPING,0
10782.14,1,0,1,4,GROCERY,1
5211.24,5,0,1,5,SHOPPING,0
40269.49,5,0,0,6,FOOD,0
7587.95,6,0,0,7,FOOD,0
1366.82,1,0,0,6,SHOPPING,0
14398.41,2,0,1,8,CRYPTO,0
1812.84,3,1,1,5,FOOD,1
6351.91,2,0,0,4,ELECTRONICS,0
10621.23,5,0,0,5,FOOD,0
31098.62,3,0,0,2,GROCERY,0
10204.84,5,0,0,8,OTHER,0
18172.96,2,0,0,4,TRAVEL,0
74040.24,1,1,0,4,GROCERY,0
2114.63,4,0,1,2,TRAVEL,0
4818.2,1,1,0,7,GROCERY,0
7527.4,3,0,0,7,OTHER,0
8218.26,1,1,0,3,FOOD,0
7940.47,2,0,1,3,GAMING,0
35726.21,1,1,0,3,GROCERY,0
18778.16,6,0,0,4,TRAVEL,0
14043.78,2,1,0,2,OTHER,0
5552.32,3,0,0,2,FOOD,1
26041.21,3,0,0,1,GROCERY,0
46536.58,1,0,0,4,TRAVEL,0
25822.17,1,0,0,5,GROCERY,0
100.0,1,0,0,5,ELECTRONICS,0
15175.57,1,1,1,4,TRAVEL,1
787.34,2,0,0,4,FOOD,0
4468.15,2,0,0,6,ELECTRONICS,0
920.55,5,0,0,4,FOOD,0
13887.37,1,0,0,6,OTHER,0
17403.64,3,0,0,7,FOOD,0
1823.83,1,1,0,5,GAMING,0
7263.7,5,0,0,2,FOOD,0
9138.61,1,0,0,3,ELECTRONICS,0
6908.0,2,0,0,8,GROCERY,0
1934.98,1,0,0,2,FOOD,0
8143.72,2,0,0,5,GROCERY,0
20865.27,2,0,0,5,SHOPPING,0
1104.82,1,0,0,1,SHOPPING,0
1253.66,1,0,0,3,SHOPPING,0
6572.26,4,0,0,6,OTHER,0
42638.91,4,0,1,5,FOOD,0
16565.2,2,1,0,5,GAMING,1
17029.3,1,0,0,2,SHOPPING,0
6739.37,1,0,0,2,FOOD,0
13508.5,6,0,0,6,FOOD,1
152.74,1,0,0,2,TRAVEL,1
15162.98,5,0,0,5,FOOD,0
36677.26,1,0,0,3,GAMING,0
14223.44,5,0,0,2,OTHER,0
31036.26,3,0,0,4,FOOD,0
19308.85,1,0,0,4,GROCERY,0
1927.02,1,0,0,3,FOOD,0
34911.36,3,0,0,3,SHOPPING,1
1031.31,5,0,0,5,FOOD,0
11452.5,2,0,0,6,OTHER,0
2299.67,1,0,0,4,GAMING,1
176.64,1,1,0,5,OTHER,0
8223.61,2,0,0,3,SHOPPING,0
5244.23,6,0,0,3,FOOD,0
9982.99,1,1,0,4,SHOPPING,0
12912.84,4,0,0,4,SHOPPING,0
670.87,4,0,0,3,ELECTRONICS,0
1968.78,1,0,1,5,OTHER,0
12268.5,1,0,0,4,SHOPPING,0
6304.89,1,1,0,2,FOOD,0
19594.15,2,0,0,5,FOOD,0
15845.87,4,1,0,5,ELECTRONICS,0
28023.55,4,0,0,3,TRAVEL,0
17688.85,2,0,0,3,SHOPPING,0
8429.97,3,0,1,2,FOOD,1
16765.4,2,1,0,2,CRYPTO,0
4831.64,2,0,0,6,GAMING,0
5486.03,4,0,0,3,GROCERY,0
23337.4,1,0,0,6,SHOPPING,1
8870.22,1,0,0,5,SHOPPING,0
24020.58,1,0,0,4,SHOPPING,0
25925.21,3,0,0,6,SHOPPING,0
29232.76,2,1,0,5,ELECTRONICS,0
37267.94,6,0,1,3,GROCERY,0
8457.73,2,0,1,3,SHOPPING,0
5759.96,2,0,0,4,FOOD,0
13091.24,3,0,0,2,GROCERY,0
6958.47,3,0,0,1,SHOPPING,0
13784.7,1,1,0,4,GROCERY,0
18341.52,2,0,0,7,FOOD,0
17490.77,2,1,0,5,SHOPPING,0
7039.33,5,0,0,2,OTHER,0
2738.31,3,0,1,5,ELECTRONICS,0
8445.72,3,0,0,4,FOOD,0
2307.66,2,0,0,3,SHOPPING,0
33122.36,4,0,0,6,SHOPPING,0
6366.91,1,0,0,3,GROCERY,0
2516.69,1,0,0,4,GROCERY,0
386.66,3,0,0,4,GROCERY,0
15569.35,2,1,0,4,SHOPPING,0
15196.25,2,0,0,5,ELECTRONICS,0
6246.47,4,0,0,1,TRAVEL,0
1116.2,1,0,0,3,OTHER,0
7905.06,6,0,0,4,GROCERY,0
5592.45,1,0,1,4,OTHER,0
16957.15,3,1,0,5,SHOPPING,0
13962.66,2,0,1,4,FOOD,1
6802.36,1,0,0,5,OTHER,0
3686.45,1,0,1,5,SHOPPING,0
66387.75,1,0,0,3,FOOD,1
9077.09,2,0,0,6,FOOD,0
17484.47,1,0,0,1,FOOD,0
2271.99,1,1,0,6,OTHER,0
9971.01,4,0,0,2,FOOD,0
418.84,3,0,0,2,OTHER,0
10561.76,2,0,0,7,FOOD,0
49870.8,1,0,0,7,FOOD,0
7272.66,2,0,0,4,GROCERY,0
596.65,1,0,0,4,SHOPPING,0
471.68,6,0,0,3,FOOD,0
7365.02,4,0,0,4,ELECTRONICS,0
2615.75,1,0,1,3,FOOD,0
354.44,3,0,0,6,CRYPTO,0
21171.94,5,0,1,5,CRYPTO,1
9201.82,5,0,0,2,FOOD,0
5121.41,3,0,1,3,GAMING,0
34551.26,3,1,0,11,CRYPTO,1
1851.83,1,0,0,7,TRAVEL,0
46825.84,2,1,0,3,SHOPPING,0
5652.44,2,0,0,1,SHOPPING,0
32893.01,5,0,0,7,GAMING,0
13855.13,1,0,0,3,FOOD,0
26291.6,2,0,0,4,FOOD,0
62039.84,1,0,0,3,GROCERY,1
5103.7,1,0,0,3,SHOPPING,0
48715.1,3,0,0,6,GROCERY,0
7401.71,1,0,0,2,FOOD,0
7304.49,4,0,0,5,SHOPPING,0
6241.53,2,0,0,3,FOOD,0
11693.9,3,1,0,6,GROCERY,0
2511.11,2,1,0,3,SHOPPING,0
12101.84,3,0,1,3,CRYPTO,0
11703.63,1,0,0,5,FOOD,0
21526.08,2,0,0,2,FOOD,0
26904.92,3,1,0,6,FOOD,0
8709.1,3,0,0,5,CRYPTO,0
5400.21,3,0,0,3,SHOPPING,0
4503.1,2,0,0,7,GROCERY,0
3246.69,2,1,0,5,ELECTRONICS,0
890.64,4,0,0,3,GROCERY,0
6288.47,3,0,0,4,GROCERY,0
4725.75,2,0,0,6,FOOD,0
50906.2,5,1,0,2,GROCERY,1
12236.8,3,1,1,3,TRAVEL,1
6399.04,2,0,0,4,SHOPPING,0
13029.22,3,0,0,1,ELECTRONICS,0
2248.34,2,0,0,5,SHOPPING,0
8805.99,1,0,0,6,SHOPPING,0
14761.89,1,1,0,5,SHOPPING,1
10067.79,3,0,0,5,SHOPPING,0
7706.92,2,0,1,3,GROCERY,0
76365.62,3,0,0,5,ELECTRONICS,0
31843.35,4,0,0,2,OTHER,0
14648.81,3,1,0,7,SHOPPING,0
12637.85,1,0,0,7,SHOPPING,0
14539.85,2,0,0,5,GROCERY,0
3371.78,2,0,1,1,OTHER,0
7541.32,1,0,1,3,OTHER,0
603.89,4,0,0,5,GAMING,0
9680.96,2,1,0,3,GROCERY,1
11746.89,2,0,0,2,OTHER,0
3876.7,2,1,0,6,GROCERY,0
49875.57,1,0,0,6,SHOPPING,0
36028.56,2,1,0,6,SHOPPING,0
19209.74,3,0,0,5,CRYPTO,0
11433.81,2,0,0,5,GAMING,0
30599.75,1,0,0,4,GAMING,0
2100.18,1,1,0,2,CRYPTO,0
23446.17,3,0,0,3,SHOPPING,0
1999.9,3,0,0,5,GAMING,0
23713.53,3,1,0,2,GROCERY,0
4839.64,2,0,0,4,SHOPPING,0
31444.61,5,0,0,5,GROCERY,0
43247.33,4,0,0,5,OTHER,1
2416.55,4,0,0,4,OTHER,0
9317.3,1,0,0,9,GROCERY,0
59439.78,4,0,0,5,SHOPPING,0
9907.51,1,0,0,3,FOOD,0
29876.68,3,0,0,3,FOOD,0
13327.64,3,0,0,3,SHOPPING,0
7057.97,3,0,0,5,GROCERY,0
5048.54,1,0,0,3,GROCERY,0
3407.71,4,0,0,8,TRAVEL,0
21519.56,6,0,0,6,GROCERY,0
7329.62,4,1,0,2,TRAVEL,0
10739.34,1,1,0,2,FOOD,1
10168.72,2,0,0,3,CRYPTO,0
12915.64,1,1,0,5,TRAVEL,0
30101.47,1,1,0,4,ELECTRONICS,1
59245.36,3,0,0,3,GROCERY,0
7853.2,2,0,0,3,FOOD,0
26362.02,4,0,0,1,OTHER,0
21692.44,2,0,0,7,SHOPPING,0
12783.16,1,1,0,3,SHOPPING,0
46869.56,3,0,1,2,CRYPTO,1
3356.05,2,0,0,6,GROCERY,0
1735.61,5,0,1,2,SHOPPING,0
28858.32,1,0,0,3,FOOD,0
8674.52,4,0,1,8,SHOPPING,0
28156.71,4,1,1,4,GROCERY,1
33536.55,1,0,1,1,GROCERY,0
967.4,2,1,0,7,SHOPPING,0
32243.42,4,0,0,4,GAMING,0
8921.78,1,0,1,3,OTHER,0
10713.49,1,0,0,6,TRAVEL,0
14776.27,1,1,0,6,SHOPPING,1
39133.11,3,0,0,3,GAMING,0
289.52,1,0,0,6,SHOPPING,0
9718.12,1,0,0,6,SHOPPING,0
17457.92,3,1,0,8,GROCERY,1
19240.21,3,0,0,4,GAMING,0
17690.78,7,0,0,5,SHOPPING,0
2165.59,2,0,0,5,OTHER,0
5337.18,2,0,0,4,GAMING,0
6664.23,2,0,0,3,SHOPPING,0
24478.11,3,1,0,5,ELECTRONICS,0
4901.75,9,0,0,4,SHOPPING,0
3549.23,3,1,0,4,GROCERY,0
47355.43,2,0,0,5,SHOPPING,0
133.54,2,0,0,2,CRYPTO,0
91932.34,1,1,0,4,CRYPTO,1
16943.25,2,0,0,5,TRAVEL,0
26444.9,2,0,0,5,SHOPPING,0
5235.27,1,0,0,4,GROCERY,0
216.28,3,0,1,2,FOOD,0
20083.69,1,0,0,11,OTHER,0
26949.58,1,0,0,7,ELECTRONICS,0
20233.6,2,0,1,5,ELECTRONICS,1
2312.14,6,0,0,4,GAMING,1
21001.51,2,0,0,5,TRAVEL,0
21975.05,1,1,0,5,TRAVEL,0
16117.89,1,0,0,4,SHOPPING,1
21793.95,3,0,1,2,SHOPPING,0
28054.39,1,0,1,9,CRYPTO,0
14263.39,2,0,0,5,SHOPPING,0
1391.68,1,0,0,7,CRYPTO,0
10030.56,3,0,0,3,CRYPTO,0
1212.45,2,1,0,4,GAMING,0
7852.16,4,1,0,5,GROCERY,0
7841.11,3,0,0,4,GROCERY,0
1024.34,2,0,0,3,FOOD,0
6434.55,4,0,0,4,CRYPTO,0
1764.84,2,0,0,4,CRYPTO,0
24772.29,3,0,0,4,GROCERY,0
44257.95,4,0,0,4,FOOD,0
1125.97,4,0,0,2,CRYPTO,0
46554.84,2,0,0,3,FOOD,0
11090.27,4,0,0,5,OTHER,0
5340.82,1,0,0,1,SHOPPING,0
1199.65,3,0,0,5,OTHER,0
10415.95,7,0,0,3,SHOPPING,0
23735.77,1,0,0,3,FOOD,0
18418.17,1,1,0,6,SHOPPING,0
772.97,2,1,0,4,OTHER,1
1135.44,1,0,0,2,FOOD,0
7734.39,4,0,1,2,ELECTRONICS,0
5249.54,3,0,0,1,SHOPPING,0
3966.99,3,0,0,3,OTHER,0
4948.5,1,0,0,3,GROCERY,0
24405.08,1,0,0,5,SHOPPING,0
39724.39,1,0,1,4,GROCERY,0
7790.5,8,0,0,1,TRAVEL,0
35484.63,1,0,1,1,SHOPPING,1
5817.97,3,0,0,5,GROCERY,0
9706.47,2,0,1,3,CRYPTO,1
3843.31,6,0,0,1,SHOPPING,0
15344.62,4,0,0,3,SHOPPING,1
57935.01,2,0,0,6,SHOPPING,0
13875.93,1,0,0,7,SHOPPING,0
6643.16,2,0,0,4,GROCERY,0
15654.08,2,0,0,9,GAMING,1
1967.37,1,0,0,7,FOOD,0
32927.38,1,0,0,5,ELECTRONICS,0
10490.01,2,0,0,5,GROCERY,0
8949.83,4,0,0,1,SHOPPING,0
13223.44,1,0,0,3,OTHER,0
14703.8,1,0,0,2,SHOPPING,0
1117.23,4,0,0,1,GROCERY,0
17214.7,5,0,0,2,GROCERY,0
4154.73,1,0,0,2,CRYPTO,0
18773.97,1,0,0,3,FOOD,0
25934.71,3,0,0,4,OTHER,0
24441.43,1,1,0,3,FOOD,1
12061.21,3,1,0,4,SHOPPING,0
11014.85,1,0,0,1,SHOPPING,0
2312.59,1,0,0,6,GROCERY,0
22397.92,4,0,0,3,SHOPPING,0
4749.65,2,1,0,3,ELECTRONICS,0
10298.4,1,0,0,1,ELECTRONICS,0
5016.87,2,0,0,6,SHOPPING,0
2155.08,1,0,0,3,GAMING,0
14895.86,1,0,0,4,GAMING,0
837.96,2,0,0,8,GROCERY,0
20713.35,4,0,0,6,SHOPPING,0
5731.8,7,0,0,3,GROCERY,1
100.0,5,0,0,3,GROCERY,0
10734.85,2,1,0,4,ELECTRONICS,0
719.77,2,0,0,4,SHOPPING,0
4847.97,2,0,0,5,TRAVEL,0
18412.54,2,0,0,5,ELECTRONICS,0
971.11,3,0,0,3,FOOD,0
27426.83,3,0,0,2,SHOPPING,0
100.0,5,0,1,5,TRAVEL,0
4251.84,7,1,0,2,GROCERY,1
20258.35,2,0,0,10,CRYPTO,0
5702.89,3,0,1,4,FOOD,0
1611.98,3,0,1,7,ELECTRONICS,0
6699.79,2,0,1,6,OTHER,0
4728.74,1,0,1,4,SHOPPING,0
27745.14,1,0,0,5,FOOD,0
5638.91,3,0,0,5,FOOD,0
23333.66,3,0,0,2,GROCERY,0
33366.61,2,0,0,3,GAMING,0
8532.58,3,1,0,2,FOOD,0
36109.71,2,0,0,6,GROCERY,0
7105.79,4,0,0,1,ELECTRONICS,0
49896.25,4,0,0,7,FOOD,0
1402.95,1,1,0,3,TRAVEL,0
17424.2,3,0,0,2,SHOPPING,0
10212.77,5,0,0,3,FOOD,1
7356.74,1,0,0,2,SHOPPING,0
15024.13,1,0,1,4,FOOD,0
18253.7,2,0,0,5,CRYPTO,1
100.0,2,0,0,4,GROCERY,1
2739.98,1,0,0,3,GROCERY,0
18726.5,6,0,0,6,SHOPPING,0
16466.53,1,0,0,7,GROCERY,0
50741.89,3,0,0,1,ELECTRONICS,0
21471.75,3,0,0,6,SHOPPING,0
45169.61,2,0,0,3,FOOD,0
18187.16,2,0,0,4,SHOPPING,0
5308.44,1,0,0,6,FOOD,0
1670.09,3,0,0,4,FOOD,0
22836.79,6,0,0,4,TRAVEL,0
15498.66,2,0,0,4,CRYPTO,1
740.78,1,0,1,11,SHOPPING,0
6695.49,4,0,0,4,FOOD,0
47128.66,1,1,1,1,GAMING,1
10409.25,1,0,0,5,GROCERY,0
8503.78,4,0,0,6,FOOD,0
9179.03,3,0,0,2,SHOPPING,0
3514.64,1,0,0,9,TRAVEL,0
6899.78,1,0,0,5,GROCERY,0
6926.09,6,0,0,3,SHOPPING,0
806.63,2,0,0,1,TRAVEL,0
21887.34,4,0,0,2,SHOPPING,0
8080.78,1,0,0,3,TRAVEL,0
25904.74,3,0,0,4,ELECTRONICS,0
28491.64,5,0,0,1,SHOPPING,0
3573.74,2,0,0,2,GROCERY,0
16065.84,5,0,0,3,GROCERY,0
9587.89,1,0,0,4,CRYPTO,0
31823.56,3,0,0,3,ELECTRONICS,0
3645.23,1,0,0,4,GAMING,0
16989.36,1,0,0,8,OTHER,0
14037.92,2,0,1,3,GAMING,0
5249.78,5,0,1,3,ELECTRONICS,0
2203.17,1,0,1,4,ELECTRONICS,0
15817.77,4,0,0,2,FOOD,0
20125.41,1,0,0,5,OTHER,0
5688.79,3,0,0,4,SHOPPING,0
15527.49,2,0,0,1,FOOD,0
7541.15,1,0,0,4,FOOD,1
18734.91,2,0,0,2,GAMING,0
3332.45,1,1,0,4,FOOD,1
33138.47,1,0,0,1,GROCERY,0
5082.73,2,0,0,5,SHOPPING,0
6877.91,3,0,0,6,GAMING,0
897.71,1,0,0,3,SHOPPING,0
1773.52,1,1,1,5,GAMING,1
10880.78,1,0,0,3,GAMING,0
4671.28,5,0,0,11,CRYPTO,0
27070.87,1,0,0,4,TRAVEL,0
222.04,1,0,0,3,ELECTRONICS,0
7148.63,1,0,0,3,FOOD,0
6172.52,4,1,0,1,GROCERY,0
292.75,2,0,0,3,SHOPPING,0
1992.15,3,0,0,6,GROCERY,0
8007.39,1,0,0,3,SHOPPING,1
10184.66,1,0,0,3,GROCERY,0
7770.01,1,0,0,8,GROCERY,0
11355.29,2,0,1,3,CRYPTO,1
13562.9,6,0,0,3,TRAVEL,1
149.6,2,0,1,4,TRAVEL,0
9356.98,8,0,0,6,SHOPPING,0
49656.33,5,0,0,4,SHOPPING,0
10979.33,3,0,0,3,FOOD,0
16976.75,5,0,1,2,SHOPPING,0
5606.53,1,0,0,1,TRAVEL,0
22307.73,1,0,1,2,GROCERY,0
22236.89,4,0,0,5,FOOD,0
11050.09,1,0,0,4,SHOPPING,0
55954.16,1,0,0,1,SHOPPING,0
2012.41,1,0,0,5,GAMING,0
256.39,2,0,0,6,GAMING,0
22055.46,1,1,0,4,FOOD,0
24688.07,5,0,0,3,SHOPPING,0
1921.03,3,0,0,1,OTHER,0
4630.17,4,0,0,4,GAMING,0
265.62,1,0,0,5,FOOD,0
5207.42,3,0,0,4,FOOD,0
22251.46,1,1,0,3,GROCERY,0
10945.94,2,0,0,4,ELECTRONICS,0
6417.86,5,0,1,4,FOOD,0
6972.0,2,0,0,3,SHOPPING,0
100.0,2,0,1,4,GAMING,0
5345.85,5,0,0,6,CRYPTO,0
15596.33,1,0,0,4,FOOD,0
54857.48,3,0,0,3,FOOD,0
28165.72,2,0,0,2,CRYPTO,0
358.17,3,0,0,7,SHOPPING,0
34324.41,4,0,0,6,GAMING,0
22931.59,3,0,0,8,GROCERY,0
22737.58,5,1,0,1,OTHER,0
9187.22,1,0,0,6,SHOPPING,0
7612.6,1,0,0,6,GROCERY,0
5412.73,1,0,0,2,SHOPPING,0
1019.28,1,0,1,3,CRYPTO,0
3886.13,2,0,0,4,SHOPPING,0
4247.46,3,0,0,1,GROCERY,0
9926.97,4,0,0,2,TRAVEL,0
20641.86,3,0,0,9,CRYPTO,0
9631.39,1,0,0,3,GROCERY,0
893.77,6,0,0,2,GROCERY,0
47476.4,1,0,0,5,GROCERY,0
42898.19,1,0,0,5,FOOD,0
23069.99,4,0,0,2,GROCERY,0
71214.67,4,0,0,5,SHOPPING,0
11794.81,3,1,0,4,ELECTRONICS,1
49358.94,2,0,0,5,ELECTRONICS,0
1179.24,2,0,0,6,TRAVEL,0
6828.04,3,1,0,5,FOOD,0
3830.76,2,0,0,2,ELECTRONICS,0
3269.23,2,0,0,5,TRAVEL,0
2276.35,4,0,0,4,CRYPTO,0
14609.34,2,0,0,2,SHOPPING,0
22802.31,2,0,0,3,GROCERY,0
12951.86,2,1,0,5,TRAVEL,0
2384.28,1,0,0,3,GROCERY,0
24999.95,3,1,0,3,OTHER,0
15157.15,4,0,0,4,ELECTRONICS,0
7369.41,4,0,0,4,GAMING,0
16818.86,2,0,0,6,ELECTRONICS,0
4514.65,2,1,0,4,GROCERY,0
6351.2,3,0,1,5,SHOPPING,0
37421.78,3,0,1,5,ELECTRONICS,0
5148.02,8,0,0,8,FOOD,1
9522.84,2,0,0,6,ELECTRONICS,0
33128.38,1,0,0,8,GAMING,0
18450.71,6,0,0,5,FOOD,0
963.33,5,0,0,5,GROCERY,0
2390.27,4,1,1,5,OTHER,0
118.09,3,0,0,4,GROCERY,0
14951.2,2,0,1,3,FOOD,0
8904.24,3,0,0,4,SHOPPING,0
2162.82,2,1,0,6,ELECTRONICS,0
47527.78,2,0,0,6,OTHER,0
11314.48,6,0,0,1,SHOPPING,0
4153.97,4,0,0,1,OTHER,0
10415.33,3,0,0,8,SHOPPING,0
17073.73,5,1,0,2,ELECTRONICS,1
1189.53,3,1,1,6,GROCERY,1
4817.63,1,0,1,1,SHOPPING,1
24673.29,3,0,0,4,CRYPTO,0
9233.49,2,0,0,4,FOOD,0
11863.95,1,0,0,6,GROCERY,0
8506.07,2,0,0,6,SHOPPING,0
673.39,2,0,0,6,SHOPPING,0
2718.33,1,0,0,3,FOOD,0
8846.45,2,1,0,5,OTHER,0
3520.38,4,0,0,6,TRAVEL,0
769.07,3,0,0,2,FOOD,0
27834.84,1,0,0,1,OTHER,0
59602.52,3,0,0,4,GROCERY,0
23635.9,4,0,0,2,CRYPTO,0
28840.15,2,0,1,7,FOOD,0
4155.63,1,0,0,4,FOOD,0
48520.12,3,0,0,4,SHOPPING,0
3289.62,3,0,0,2,ELECTRONICS,0
45371.18,1,1,0,5,ELECTRONICS,0
78942.21,2,0,0,1,GROCERY,0
18657.49,6,1,0,9,FOOD,0
59563.65,2,1,1,2,ELECTRONICS,1
12643.51,1,1,0,5,OTHER,0
4507.29,1,1,0,1,ELECTRONICS,0
8617.03,6,0,0,4,FOOD,0
13504.82,1,1,0,2,SHOPPING,0
1138.35,2,0,0,5,TRAVEL,0
14606.54,2,0,1,6,GROCERY,0
59590.8,4,0,0,6,SHOPPING,0
3162.81,2,0,0,4,SHOPPING,0
23596.24,2,0,0,6,FOOD,1
35773.01,3,0,0,7,TRAVEL,0
43156.34,2,0,0,5,TRAVEL,1
48334.08,6,0,0,1,OTHER,0
11055.22,1,0,0,1,SHOPPING,0
56786.08,6,0,1,8,SHOPPING,1
21239.57,3,0,1,1,GROCERY,1
2645.18,4,0,0,5,SHOPPING,0
9719.74,2,0,0,5,GROCERY,0
19005.35,1,0,0,2,GROCERY,0
4262.13,4,0,0,3,GROCERY,0
15350.42,1,0,0,4,TRAVEL,0
16476.21,5,0,0,5,TRAVEL,0
2663.59,2,0,0,4,GAMING,0
12489.08,3,0,0,3,SHOPPING,0
22151.62,1,1,0,1,SHOPPING,0
10364.11,2,0,1,3,GROCERY,0
182.65,2,0,0,4,ELECTRONICS,0
136.19,1,0,0,2,GROCERY,0
6624.84,5,0,0,5,SHOPPING,0
39094.74,3,1,0,8,GROCERY,0
3894.72,2,0,0,1,GAMING,0
15091.74,1,0,0,1,ELECTRONICS,0
3766.89,4,0,0,3,ELECTRONICS,0
5821.82,6,0,1,1,GROCERY,1
28262.28,4,0,0,6,ELECTRONICS,0
19576.88,3,0,0,4,ELECTRONICS,0
1503.92,2,0,0,10,GROCERY,0
8397.67,2,1,0,1,FOOD,0
444.05,1,0,1,2,GROCERY,1
9834.6,4,0,0,2,ELECTRONICS,0
16289.91,1,0,0,5,FOOD,0
1892.0,2,0,0,3,FOOD,0
5113.82,3,0,0,8,GROCERY,0
7608.4,3,0,0,3,SHOPPING,0
37798.25,4,0,0,2,GROCERY,0
74984.34,1,0,0,5,CRYPTO,0
689.27,1,0,0,3,GROCERY,0
21469.87,2,0,0,1,GROCERY,1
6971.64,1,0,0,7,TRAVEL,0
7475.01,1,0,1,3,OTHER,0
21052.52,3,0,0,4,OTHER,0
37593.75,1,0,0,2,GROCERY,0
45217.18,1,1,0,5,FOOD,1
12910.09,3,0,0,5,SHOPPING,1
6626.99,1,0,0,1,GROCERY,0
23235.66,4,0,0,1,SHOPPING,0
4335.27,4,0,1,4,SHOPPING,1
12454.24,2,1,0,8,TRAVEL,0
6661.03,1,0,0,2,OTHER,0
16034.25,3,0,0,5,FOOD,0
4124.43,6,0,0,4,TRAVEL,0
3190.34,1,0,0,2,SHOPPING,0
37559.34,2,0,0,8,SHOPPING,0
1610.5,2,0,0,2,TRAVEL,0
10577.02,2,0,0,4,OTHER,0
3743.33,5,1,0,6,CRYPTO,0
595.62,4,0,0,2,TRAVEL,0
550.25,3,0,0,6,SHOPPING,0
2889.61,4,0,0,5,SHOPPING,0
30235.21,1,0,0,2,GAMING,0
4979.29,2,0,0,2,FOOD,0
45074.37,3,0,0,2,TRAVEL,0
13070.56,5,1,0,5,SHOPPING,0
8606.86,4,0,0,5,TRAVEL,0
13015.68,3,0,0,5,GROCERY,0
10906.72,1,0,0,7,ELECTRONICS,0
21330.46,3,0,0,6,TRAVEL,0
4979.65,1,0,0,2,GROCERY,0
6532.3,1,0,0,3,SHOPPING,1
33678.09,2,0,0,4,ELECTRONICS,0
43908.92,1,0,1,5,OTHER,0
33462.09,2,0,0,4,GROCERY,0
8156.64,4,1,0,3,GROCERY,1
22736.86,3,0,1,3,GROCERY,0
9703.57,1,0,0,4,OTHER,0
10323.58,4,0,0,4,GAMING,0
3435.16,2,0,0,4,TRAVEL,0
13415.38,4,0,0,1,GROCERY,0
3089.43,3,0,0,4,SHOPPING,0
6042.24,2,0,0,6,ELECTRONICS,0
28968.45,2,0,0,3,OTHER,0
3480.41,4,0,0,5,SHOPPING,0
1107.25,3,0,0,4,OTHER,0
1072.56,2,0,0,4,GROCERY,0
42398.58,1,0,0,3,SHOPPING,1
10606.27,1,0,0,1,CRYPTO,0
7899.55,1,1,0,2,TRAVEL,0
24980.49,1,0,1,5,GAMING,1
27102.42,3,0,0,1,OTHER,0
6056.3,2,0,0,3,SHOPPING,0
17743.84,2,0,0,4,FOOD,0
22118.55,1,0,0,3,ELECTRONICS,0
15947.98,3,0,0,4,TRAVEL,0
2465.96,1,0,0,6,GAMING,0
31297.97,1,1,0,6,SHOPPING,0
11618.44,1,0,0,4,GAMING,0
4979.16,1,0,0,5,OTHER,0
8306.73,3,1,0,3,ELECTRONICS,0
574.43,3,0,0,1,ELECTRONICS,0
2052.2,1,0,0,5,TRAVEL,0
21757.49,1,0,0,8,SHOPPING,0
100.0,3,0,0,3,OTHER,0
8082.35,1,0,0,4,TRAVEL,0
11088.19,2,0,0,4,CRYPTO,0
842.75,3,0,1,2,SHOPPING,0
54222.26,4,0,0,3,TRAVEL,0
3845.18,2,0,0,2,ELECTRONICS,0
5440.37,2,0,0,1,ELECTRONICS,0
5434.85,2,0,0,5,SHOPPING,0
3928.59,2,0,0,2,SHOPPING,0
100.0,2,0,1,4,FOOD,0
19603.64,2,0,0,2,SHOPPING,0
51098.65,1,0,0,4,FOOD,0
3809.72,8,0,0,4,SHOPPING,1
16317.19,2,0,0,3,CRYPTO,1
20315.91,4,0,0,3,OTHER,0
28300.16,2,0,0,5,TRAVEL,0
8239.06,2,1,1,2,GROCERY,1
5413.06,2,0,0,3,SHOPPING,0
5902.2,1,0,1,5,TRAVEL,1
18704.32,3,0,0,6,SHOPPING,0
25455.97,1,0,1,5,FOOD,0
3006.32,3,1,0,5,FOOD,0
6952.95,2,1,0,5,SHOPPING,0
34832.67,1,0,0,4,FOOD,0
24652.18,2,0,0,2,FOOD,0
62854.64,3,0,0,2,CRYPTO,0
21051.5,2,0,0,1,GAMING,0
7493.22,1,0,0,3,GROCERY,0
13397.33,2,0,0,7,FOOD,0
16226.96,3,0,0,4,SHOPPING,0
1225.57,2,0,0,5,GROCERY,0
11795.29,4,0,0,1,ELECTRONICS,0
18533.03,1,0,0,3,SHOPPING,0
2746.61,2,0,0,5,SHOPPING,0
22755.05,3,0,0,2,FOOD,0
13147.86,3,0,1,3,FOOD,0
45617.78,2,0,0,7,CRYPTO,0
650.23,1,0,0,5,GAMING,0
4624.93,1,0,0,5,OTHER,0
13802.74,4,0,0,1,ELECTRONICS,0
5276.59,1,0,0,9,TRAVEL,0
18798.71,3,0,0,6,FOOD,0
21344.7,1,0,0,3,ELECTRONICS,0
1622.4,4,0,0,5,OTHER,0
10818.71,2,0,0,4,GROCERY,0
10666.32,2,0,0,6,SHOPPING,0
6913.42,2,0,0,4,GROCERY,1
40529.13,4,0,0,2,GAMING,0
26360.92,5,1,0,5,TRAVEL,0
17920.71,1,0,0,8,CRYPTO,0
18793.59,2,0,1,6,GROCERY,0
9290.54,1,0,0,3,OTHER,0
38073.57,3,0,1,3,GROCERY,0
17791.77,3,0,1,3,FOOD,0
19583.5,8,1,0,4,GROCERY,0
29673.96,6,0,0,2,GROCERY,0
4804.56,4,0,0,9,GROCERY,0
24681.49,3,0,0,4,SHOPPING,0
3258.18,1,0,0,2,GAMING,0
6354.63,3,1,0,3,OTHER,0
6133.3,3,0,0,3,TRAVEL,0
57613.31,2,0,0,1,GROCERY,0
29125.2,3,0,0,6,GROCERY,0
18118.2,1,1,0,3,SHOPPING,0
19477.37,3,0,0,3,GAMING,0
12385.54,2,0,0,5,TRAVEL,0
44087.63,1,0,0,2,TRAVEL,0
10285.39,5,0,0,5,GROCERY,0
7183.07,2,0,0,6,SHOPPING,0
2669.6,2,0,0,7,TRAVEL,0
23141.11,1,0,1,6,TRAVEL,0
19888.94,4,0,0,3,GROCERY,0
7276.27,1,0,0,5,GROCERY,0
382.74,5,0,0,4,OTHER,0
27395.01,4,0,0,3,SHOPPING,0
172.26,1,1,0,3,ELECTRONICS,0
18245.73,1,0,0,5,FOOD,0
52727.48,2,0,0,4,TRAVEL,1
8634.76,1,0,0,3,SHOPPING,0
4017.67,3,0,1,3,FOOD,0
18305.14,4,0,0,2,SHOPPING,0
25484.54,2,0,0,3,SHOPPING,0
11859.1,4,0,0,2,FOOD,0
51184.76,2,0,1,2,FOOD,1
795.77,4,0,0,2,TRAVEL,0
10541.77,4,0,0,4,SHOPPING,0
19011.89,2,0,0,1,FOOD,0
29777.3,3,0,0,6,GAMING,0
2963.15,2,0,0,6,ELECTRONICS,0
24141.83,4,0,0,8,OTHER,0
12068.12,1,0,0,3,TRAVEL,0
7576.47,2,0,1,5,FOOD,0
2118.53,4,0,0,3,CRYPTO,0
30070.11,1,0,0,5,FOOD,0
2566.69,5,0,0,4,ELECTRONICS,0
5561.34,1,0,0,5,GROCERY,0
5138.32,1,0,0,5,TRAVEL,0
30767.36,1,0,0,6,CRYPTO,0
16753.31,2,0,0,3,SHOPPING,1
23894.72,3,0,0,3,SHOPPING,0
4324.59,2,0,0,4,OTHER,0
14707.4,3,0,0,4,GROCERY,0
12720.58,2,0,0,1,FOOD,0
26831.19,1,0,0,1,OTHER,0
35480.81,2,1,1,8,TRAVEL,1
183.47,3,0,1,5,SHOPPING,0
16813.79,5,1,0,5,TRAVEL,1
798.41,2,0,0,3,FOOD,0
11939.62,1,0,0,1,GROCERY,0
5087.43,3,0,1,7,FOOD,0
5496.04,2,0,0,3,FOOD,0
6530.17,4,0,0,1,SHOPPING,0
14564.87,3,0,0,7,SHOPPING,0
6098.11,3,0,0,2,SHOPPING,0
19790.7,1,1,0,4,GROCERY,0
7776.0,1,1,0,2,GROCERY,0
1062.02,8,0,0,5,SHOPPING,0
22970.48,2,1,0,4,SHOPPING,0
5048.01,4,0,0,3,FOOD,0
8504.77,1,0,0,3,TRAVEL,0
17348.89,3,0,0,2,FOOD,0
6062.25,4,0,0,1,GROCERY,0
873.75,4,1,0,5,CRYPTO,0
7024.18,2,0,0,4,FOOD,0
43356.69,2,1,0,5,OTHER,0
15397.21,4,1,0,6,OTHER,1
16697.32,1,0,0,7,ELECTRONICS,0
15006.59,4,0,0,7,SHOPPING,0
3328.27,1,0,0,2,GAMING,0
8127.88,3,0,1,9,CRYPTO,1
20850.91,1,0,0,6,ELECTRONICS,0
1603.31,7,0,1,1,GROCERY,1
4882.89,2,0,0,6,GROCERY,0
4851.07,2,1,0,3,GROCERY,0
8485.01,1,0,1,6,GROCERY,0
58959.48,4,0,0,6,GROCERY,0
1048.33,6,0,0,3,SHOPPING,0
10969.0,2,0,0,8,SHOPPING,0
2965.15,1,0,0,11,ELECTRONICS,0
52940.51,1,0,0,5,FOOD,0
1803.79,1,0,0,3,GROCERY,1
7752.68,4,0,0,3,ELECTRONICS,0
20084.58,1,0,0,7,SHOPPING,0
18289.06,3,0,0,1,ELECTRONICS,0
8241.64,4,0,0,4,SHOPPING,0
6381.75,6,0,1,3,GAMING,1
7602.81,3,0,0,7,ELECTRONICS,0
4603.51,6,0,0,7,ELECTRONICS,0
3447.48,3,1,0,1,GROCERY,0
9896.84,2,0,0,4,CRYPTO,0
4690.56,4,0,0,7,SHOPPING,0
5083.82,1,0,1,4,GROCERY,1
16039.71,5,0,0,3,GAMING,0
51884.3,4,0,0,3,SHOPPING,0
13881.38,1,0,1,4,GROCERY,0
1201.56,2,0,1,5,GAMING,0
1178.89,2,0,0,3,SHOPPING,0
45369.14,3,0,0,5,GAMING,0
5292.18,1,0,0,5,GAMING,0
1448.77,4,1,0,8,GROCERY,0
13708.58,1,0,0,7,TRAVEL,0
14658.49,3,1,0,2,SHOPPING,0
15683.39,5,0,0,5,SHOPPING,0
4667.37,1,0,0,2,GROCERY,0
228.39,1,0,0,5,TRAVEL,0
50292.7,4,0,1,2,GAMING,0
4333.1,2,0,0,5,OTHER,0
16906.39,2,0,0,2,FOOD,0
18394.8,4,0,0,2,GROCERY,0
14124.41,2,0,0,4,SHOPPING,0
5629.29,1,0,1,5,GROCERY,0
4743.2,2,0,0,9,SHOPPING,0
13657.18,1,0,0,4,OTHER,0
30159.44,2,0,1,4,GROCERY,0
43986.78,2,0,1,1,SHOPPING,0
1679.16,1,0,0,2,TRAVEL,0
2523.24,1,0,0,4,GROCERY,0
43434.57,3,0,0,5,FOOD,0
20007.53,1,0,0,5,OTHER,0
32182.93,1,0,1,4,FOOD,0
3396.6,1,0,0,2,TRAVEL,1
13285.91,3,0,0,2,GROCERY,1
18116.68,5,0,0,5,ELECTRONICS,0
17096.76,2,0,0,6,FOOD,0
7867.57,4,1,0,2,FOOD,0
232.72,3,0,0,3,GROCERY,0
13117.38,1,0,0,3,GROCERY,0
4377.39,3,0,1,6,OTHER,0
8974.49,4,0,0,7,SHOPPING,0
47402.39,1,0,0,4,GAMING,0
7638.29,1,0,0,7,OTHER,0
27470.13,1,0,0,3,FOOD,0
3133.81,1,1,0,3,CRYPTO,1
16742.2,3,0,0,4,ELECTRONICS,0
56588.45,1,0,0,5,TRAVEL,0
1611.99,5,0,0,2,GAMING,0
125.32,1,0,0,5,GROCERY,0
8526.37,2,0,0,4,FOOD,0
1458.0,2,0,0,2,GROCERY,0
20697.79,2,0,0,6,OTHER,0
36897.12,4,0,0,6,GROCERY,0
8537.97,2,0,0,6,OTHER,0
4490.48,2,0,0,2,GROCERY,0
8548.11,1,0,0,5,ELECTRONICS,0
19280.34,2,0,0,3,ELECTRONICS,0
136.43,1,0,0,3,OTHER,0
13354.01,3,0,0,3,FOOD,0
14251.27,1,0,0,4,FOOD,0
15228.75,4,1,0,1,CRYPTO,0
4156.52,1,0,0,1,OTHER,0
18779.22,1,1,0,3,GROCERY,0
1437.61,3,0,0,1,TRAVEL,0
3333.48,1,0,0,2,FOOD,0
31491.0,2,0,0,5,ELECTRONICS,0
20132.62,3,0,1,1,GAMING,1
207.61,8,0,0,4,GAMING,1
4282.79,1,0,0,4,SHOPPING,0
3619.74,3,1,0,2,GROCERY,0
4737.24,1,0,0,3,TRAVEL,0
4266.51,3,1,0,1,GAMING,0
968.5,3,0,0,4,OTHER,1
9213.39,1,1,0,4,SHOPPING,1
19792.63,4,0,0,3,FOOD,0
13998.95,4,0,0,7,GROCERY,0
16761.04,1,0,1,5,GAMING,1
1269.47,4,1,0,1,SHOPPING,0
45390.0,1,0,1,7,ELECTRONICS,0
27347.99,1,0,0,4,GROCERY,0
24528.28,1,0,0,5,GROCERY,0
25972.71,2,0,1,4,OTHER,1
40481.27,3,0,0,3,GAMING,0
11787.29,2,0,0,2,SHOPPING,0
3352.44,3,0,0,4,SHOPPING,0
14387.33,3,0,0,3,OTHER,0
20373.27,1,0,1,3,FOOD,0
20086.43,1,0,0,4,GAMING,0
11054.89,1,1,0,1,GROCERY,0
1063.72,1,0,0,3,CRYPTO,0
6957.05,2,0,0,2,TRAVEL,0
38030.36,4,0,0,5,SHOPPING,0
13172.25,3,1,0,1,ELECTRONICS,0
11593.64,5,0,0,5,GROCERY,0
4697.12,1,0,0,5,GROCERY,0
6893.65,3,1,0,4,SHOPPING,1
33856.45,1,0,0,2,TRAVEL,0
16470.02,2,0,0,3,GROCERY,0
23224.23,1,0,0,3,SHOPPING,0
9086.54,1,0,1,3,FOOD,0
14923.81,3,0,0,3,TRAVEL,0
4282.94,2,0,0,4,OTHER,0
18335.15,3,0,0,2,GROCERY,0
8368.79,3,0,0,4,GROCERY,0
8765.62,1,1,0,3,TRAVEL,0
15718.32,4,0,0,2,SHOPPING,0
41299.0,3,0,0,5,ELECTRONICS,0
992.2,3,0,0,2,FOOD,0
26122.55,3,0,1,3,SHOPPING,0
5187.79,6,0,0,5,SHOPPING,0
8802.63,3,0,1,5,FOOD,0
332.35,4,1,0,3,ELECTRONICS,0
5372.56,5,0,0,4,GAMING,0
10476.35,1,0,0,1,FOOD,0
867.23,4,0,0,5,TRAVEL,0
10132.43,1,0,0,3,GROCERY,0
39282.19,1,0,1,1,GAMING,1
1670.57,3,0,0,2,FOOD,0
21686.89,2,0,0,4,GROCERY,0
7906.13,3,0,0,3,OTHER,0
15970.72,7,0,0,4,SHOPPING,0
4521.37,5,0,0,3,TRAVEL,0
2606.24,3,0,0,6,GAMING,0
2623.56,3,0,0,3,ELECTRONICS,0
1096.5,3,0,0,9,TRAVEL,0
3080.41,1,0,1,2,SHOPPING,1
16369.46,4,0,0,4,OTHER,0
32016.78,5,1,0,2,GROCERY,1
25240.27,5,0,0,1,OTHER,0
17334.14,1,0,0,4,ELECTRONICS,0
1755.29,1,1,0,12,TRAVEL,0
5120.2,1,0,0,4,FOOD,0
5561.76,1,1,1,4,GROCERY,1
4314.37,1,0,0,4,SHOPPING,0
10854.27,1,0,0,4,GAMING,0
11503.64,5,1,1,2,ELECTRONICS,1
6621.5,1,0,0,4,TRAVEL,0
6549.44,1,0,0,5,OTHER,0
26452.44,2,0,0,6,OTHER,0
23359.29,7,0,0,3,SHOPPING,0
5518.11,5,0,0,2,GROCERY,0
36764.27,4,0,0,6,SHOPPING,0
45805.19,1,0,0,2,CRYPTO,0
5934.41,4,0,0,6,SHOPPING,0
6564.21,1,0,0,3,FOOD,0
10567.19,1,0,0,7,ELECTRONICS,0
42484.01,5,0,0,4,ELECTRONICS,0
31350.8,3,0,0,3,OTHER,0
1623.27,4,0,1,2,SHOPPING,1
7481.75,5,0,0,4,OTHER,0
12090.41,2,0,0,1,FOOD,0
10491.48,2,0,1,8,CRYPTO,1
3232.52,2,0,0,2,SHOPPING,0
29365.45,2,1,1,2,GAMING,1
16948.79,6,0,0,5,OTHER,0
27293.9,2,0,0,1,TRAVEL,0
29359.88,1,0,0,5,ELECTRONICS,0
20696.09,1,0,0,5,OTHER,0
8676.15,3,0,0,3,SHOPPING,0
14145.17,4,0,0,1,SHOPPING,0
2621.83,1,0,0,4,OTHER,0
16796.56,6,0,0,5,ELECTRONICS,1
2963.11,2,0,0,3,CRYPTO,0
17760.08,3,1,0,4,TRAVEL,0
3912.65,5,0,0,4,ELECTRONICS,0
1875.82,1,0,1,4,GROCERY,1
2709.96,5,0,0,8,FOOD,0
100.0,4,0,0,4,GAMING,0
19027.12,2,0,0,4,SHOPPING,0
19773.99,3,1,0,9,SHOPPING,1
10852.03,2,0,0,3,OTHER,0
2639.66,3,0,0,4,TRAVEL,0
1308.79,5,0,0,5,GROCERY,0
289.71,1,0,1,4,SHOPPING,0
2718.3,3,0,0,3,SHOPPING,0
33226.24,2,0,0,2,OTHER,0
4146.92,3,0,0,7,ELECTRONICS,0
6560.64,2,0,0,3,SHOPPING,0
1669.76,3,0,0,2,SHOPPING,0
3772.4,2,1,0,6,OTHER,0
10985.33,3,1,0,6,TRAVEL,0
14037.94,2,0,0,6,SHOPPING,0
4222.56,1,0,0,4,SHOPPING,0
891.99,2,1,0,4,FOOD,0
7439.86,1,0,0,4,OTHER,0
4002.58,5,0,0,1,ELECTRONICS,0
3718.34,5,0,0,6,SHOPPING,0
48231.78,4,0,0,5,GROCERY,0
14368.43,2,0,0,7,GROCERY,0
12208.67,4,0,0,2,SHOPPING,0
8062.04,3,1,0,2,SHOPPING,0
8404.03,1,0,0,7,SHOPPING,0
11677.47,1,0,0,4,CRYPTO,0
17882.14,1,1,0,3,OTHER,1
18167.28,3,0,0,5,SHOPPING,0
2825.59,3,0,0,6,FOOD,1
10400.59,3,0,0,2,GAMING,0
7964.36,3,0,0,1,SHOPPING,0
30664.24,4,0,0,2,FOOD,0
14971.42,1,0,1,2,GROCERY,0
11405.47,3,0,0,8,FOOD,0
1839.2,6,0,0,4,GROCERY,0
13957.29,1,0,1,4,OTHER,0
1869.92,3,0,0,6,SHOPPING,0
6169.38,5,0,0,4,GROCERY,0
2311.99,2,0,0,5,GROCERY,0
17668.42,4,0,0,4,FOOD,0
3464.84,1,0,0,6,TRAVEL,0
7460.24,1,0,0,4,ELECTRONICS,0
33903.63,1,0,0,3,FOOD,0
3428.3,1,0,0,5,OTHER,0
10633.21,3,1,0,3,GAMING,1
8152.08,3,0,0,4,GAMING,0
274.35,3,0,0,1,FOOD,0
23608.03,2,0,0,5,SHOPPING,0
1073.18,1,0,0,2,SHOPPING,0
9644.09,3,1,0,2,SHOPPING,0
12337.85,1,0,0,4,FOOD,0
14850.13,1,1,0,2,OTHER,1
17501.68,2,0,0,3,CRYPTO,0
4380.82,4,0,0,1,FOOD,0
150.43,1,0,0,4,OTHER,0
19280.11,2,0,0,5,TRAVEL,0
11506.96,1,0,0,4,GROCERY,0
27129.1,2,0,1,4,FOOD,0
25838.12,3,0,1,4,GROCERY,0
27803.84,5,0,0,5,GROCERY,0
9956.58,2,0,0,4,GROCERY,0
6088.62,4,0,0,3,SHOPPING,0
23521.43,5,0,0,1,SHOPPING,0
9002.89,2,0,1,3,GROCERY,1
3039.86,3,0,0,5,SHOPPING,0
28962.64,2,0,0,7,FOOD,0
32127.4,4,0,0,4,SHOPPING,0
9419.1,4,0,0,1,GROCERY,0
1180.77,2,1,0,5,TRAVEL,0
7361.08,2,1,0,2,GROCERY,0
24409.27,6,0,0,4,SHOPPING,0
34807.27,1,0,0,3,OTHER,1
3412.41,1,1,0,3,SHOPPING,0
1039.83,5,0,1,3,SHOPPING,0
31476.36,3,0,0,4,GROCERY,0
7399.82,1,1,0,2,TRAVEL,0
11705.46,1,0,0,2,OTHER,0
51661.17,2,0,0,4,FOOD,0
1033.25,2,0,0,7,SHOPPING,0
15675.42,2,0,0,6,TRAVEL,0
1154.92,2,0,1,4,GROCERY,0
7061.31,2,0,0,6,OTHER,0
24430.42,4,0,0,7,SHOPPING,0
8523.44,2,1,0,2,GROCERY,1
88077.8,1,0,0,1,FOOD,1
12282.67,1,0,0,4,SHOPPING,0
5810.59,2,0,1,5,FOOD,1
3729.06,2,0,0,3,ELECTRONICS,0
6473.76,3,0,0,6,FOOD,0
6990.97,2,0,0,5,FOOD,0
1067.83,1,0,0,4,FOOD,0
6920.4,5,0,1,3,GAMING,0
9360.99,3,0,0,2,FOOD,0
19241.87,3,0,0,4,GROCERY,1
16038.55,4,0,0,4,SHOPPING,0
18504.41,4,0,0,4,FOOD,0
125.98,3,1,0,5,OTHER,0
3682.13,2,0,0,4,SHOPPING,0
16256.64,4,0,0,6,FOOD,0
9924.42,1,1,0,6,OTHER,0
100.0,1,0,0,4,FOOD,0
24482.51,1,1,0,2,GAMING,0
22229.5,3,0,0,2,TRAVEL,0
11925.01,4,0,0,2,SHOPPING,0
1031.63,6,0,0,4,SHOPPING,0
21819.56,3,0,0,4,CRYPTO,0
13145.73,2,0,0,9,SHOPPING,0
22846.15,3,0,0,7,SHOPPING,0
20899.6,5,0,0,1,SHOPPING,0
24368.43,2,0,0,6,FOOD,0
10947.42,1,0,0,3,SHOPPING,0
2268.0,3,0,0,7,GROCERY,0
16682.64,2,1,0,3,GROCERY,0
14532.47,2,0,0,4,SHOPPING,0
20336.66,5,0,0,4,SHOPPING,0
2792.79,3,1,0,3,GROCERY,0
3253.23,3,0,0,4,GROCERY,0
33165.07,1,0,0,4,GROCERY,0
20793.08,2,0,0,1,FOOD,0
35826.8,1,1,0,8,SHOPPING,0
21326.67,6,0,0,4,GROCERY,1
13638.06,3,0,0,9,GAMING,0
15925.5,2,0,0,1,GROCERY,0
32990.67,1,1,0,5,GROCERY,0
12969.95,2,0,0,6,OTHER,0
15011.04,3,0,0,3,SHOPPING,0
2552.52,5,0,0,6,GROCERY,1
9634.56,1,0,0,3,OTHER,0
18902.7,1,0,0,7,FOOD,0
4740.04,1,1,0,4,OTHER,0
3389.48,5,0,0,2,GROCERY,0
5649.38,1,1,0,2,CRYPTO,0
4146.2,3,0,0,5,GROCERY,0
3629.4,1,0,0,4,OTHER,0
8296.89,5,0,0,4,TRAVEL,0
35763.19,5,0,1,3,GROCERY,0
10610.51,1,0,0,5,CRYPTO,0
3122.35,3,1,0,4,SHOPPING,1
1201.43,2,1,0,6,ELECTRONICS,1
17868.62,3,0,0,7,TRAVEL,0
7238.4,3,0,0,4,ELECTRONICS,0
25875.34,5,0,0,4,FOOD,0
16160.58,1,1,0,2,OTHER,0
23862.29,2,0,1,6,TRAVEL,0
4760.7,1,0,0,3,GROCERY,1
17682.32,5,0,1,2,GROCERY,0
4599.14,5,0,0,2,ELECTRONICS,0
41970.07,2,0,1,1,CRYPTO,1
15174.45,5,0,1,3,ELECTRONICS,0
5884.79,1,0,0,5,FOOD,0
4710.63,3,1,0,2,FOOD,0
3177.98,4,0,0,7,TRAVEL,0
17794.01,6,0,0,2,GROCERY,0
3702.24,3,0,1,8,SHOPPING,1
13569.26,3,0,0,5,TRAVEL,0
4610.83,2,0,0,5,FOOD,0
16269.26,4,0,0,1,SHOPPING,0
25306.11,1,0,0,2,SHOPPING,0
22577.87,3,0,0,2,SHOPPING,0
21460.05,2,0,0,3,ELECTRONICS,0
3118.7,7,0,0,3,GAMING,0
1388.06,3,0,0,4,ELECTRONICS,0
18007.13,2,0,1,6,GROCERY,0
6891.23,3,0,0,3,OTHER,0
8493.65,4,0,0,4,TRAVEL,0
474.67,3,0,0,4,OTHER,0
4507.99,1,0,0,6,OTHER,0
513.85,1,0,0,5,SHOPPING,0
31702.52,8,0,0,3,OTHER,1
4183.74,1,0,0,5,SHOPPING,0
12224.2,5,0,0,1,FOOD,0
596.39,1,1,0,3,GROCERY,0
16487.32,3,0,0,5,SHOPPING,0
5851.87,1,0,0,6,ELECTRONICS,0
34229.86,1,0,0,9,OTHER,0
32854.68,1,0,0,7,SHOPPING,0
5902.1,1,0,0,4,ELECTRONICS,0
34683.61,1,0,1,7,OTHER,0
83425.16,3,0,0,3,SHOPPING,1
26180.21,2,0,1,4,GROCERY,0
27952.51,9,0,0,3,CRYPTO,1
4295.42,2,0,0,1,TRAVEL,0
12895.2,5,0,0,3,GAMING,0
1044.37,3,1,1,4,ELECTRONICS,1
1495.94,2,0,0,2,GROCERY,0
102086.27,3,1,1,4,GROCERY,1
5932.11,3,0,0,4,FOOD,0
20685.84,3,0,0,1,FOOD,0
24649.97,2,0,0,6,CRYPTO,0
29281.38,5,0,0,4,TRAVEL,0
90662.21,3,0,0,5,GROCERY,0
4146.12,2,0,0,3,SHOPPING,1
617.81,3,0,0,1,TRAVEL,0
7944.81,4,0,0,7,FOOD,0
2090.32,4,0,0,5,GROCERY,0
340.22,1,0,0,4,SHOPPING,0
6704.31,1,0,1,2,SHOPPING,0
22968.99,4,0,0,4,OTHER,0
12526.91,2,0,0,3,OTHER,0
5626.47,4,0,0,5,SHOPPING,0
15934.58,3,0,0,4,SHOPPING,0
3959.84,1,0,0,3,TRAVEL,0
217.29,3,0,0,3,FOOD,0
21681.33,1,0,0,5,FOOD,0
14662.25,1,0,0,3,GROCERY,0
21551.35,1,0,0,2,GROCERY,0
595.75,3,0,1,5,GROCERY,0
27221.09,2,0,0,6,TRAVEL,0
14495.07,3,0,0,4,FOOD,0
12430.91,2,0,1,2,GROCERY,0
14697.01,4,0,0,5,TRAVEL,0
29974.37,4,0,0,3,ELECTRONICS,0
13262.31,5,1,0,3,GROCERY,0
13046.49,4,0,0,3,GAMING,0
70132.53,3,0,0,4,TRAVEL,0
21203.76,2,0,1,2,SHOPPING,1
8758.84,4,0,0,6,OTHER,0
18434.08,1,1,0,3,GROCERY,1
7395.53,2,1,1,4,SHOPPING,1
3898.58,1,0,1,3,GROCERY,0
13626.77,2,1,0,4,FOOD,0
39504.32,2,0,0,5,GROCERY,0
39705.64,2,0,0,5,ELECTRONICS,0
6276.1,6,1,0,3,SHOPPING,1
11251.4,6,0,0,1,OTHER,0
3566.93,3,1,0,1,ELECTRONICS,0
81498.69,3,0,0,3,OTHER,0
59543.12,1,0,0,3,FOOD,0
15726.3,5,1,0,3,FOOD,0
24476.33,2,0,0,5,SHOPPING,0
18834.26,3,0,0,9,CRYPTO,0
13489.96,2,0,1,2,FOOD,1
822.36,2,0,0,3,OTHER,0
9098.06,1,1,0,6,GROCERY,0
16849.09,4,0,1,4,OTHER,0
16976.25,1,0,0,5,SHOPPING,0
7005.06,1,0,0,3,SHOPPING,0
42630.24,1,1,0,5,OTHER,1
2747.26,3,0,0,1,CRYPTO,0
10407.99,3,0,0,5,OTHER,0
17610.58,6,0,1,4,TRAVEL,1
17917.06,3,0,0,3,OTHER,0
15689.11,1,0,0,2,ELECTRONICS,0
4829.72,4,0,0,2,GAMING,0
2547.71,2,0,0,3,ELECTRONICS,0
15156.56,4,0,0,8,GAMING,0
13718.21,1,0,0,4,TRAVEL,0
2964.99,5,1,0,4,ELECTRONICS,0
18318.78,1,0,0,5,SHOPPING,0
9109.28,4,0,0,4,ELECTRONICS,0
16528.49,7,0,1,4,FOOD,1
27243.89,3,1,0,7,TRAVEL,0
2790.04,2,0,0,4,SHOPPING,0
289.96,2,0,0,6,OTHER,0
22650.85,3,0,0,1,ELECTRONICS,0
14112.5,4,1,0,1,TRAVEL,0
18041.58,4,0,0,2,FOOD,0
27316.74,8,0,1,5,CRYPTO,1
24353.88,2,0,0,2,GROCERY,0
48632.22,1,0,1,5,OTHER,0
11515.96,4,0,1,3,ELECTRONICS,0
10055.99,4,0,0,6,GROCERY,0
7709.64,8,0,0,5,OTHER,0
2503.06,2,0,0,1,FOOD,0
12750.78,1,0,0,2,GROCERY,0
4865.45,3,1,0,3,FOOD,0
38133.11,4,0,0,4,OTHER,0
13126.9,1,0,0,7,GAMING,0
13478.24,2,0,0,2,OTHER,0
6575.82,1,0,0,4,FOOD,0
800.84,3,0,0,3,GROCERY,0
483.88,1,0,0,5,TRAVEL,0
8257.41,1,0,0,1,SHOPPING,0
1325.34,4,0,0,5,ELECTRONICS,0
14003.34,1,0,1,4,SHOPPING,1
31926.07,5,0,0,6,SHOPPING,0
32172.8,1,0,1,4,GROCERY,0
16140.09,2,0,0,4,SHOPPING,0
3559.24,3,0,0,4,GROCERY,0
29816.27,4,0,0,6,OTHER,0
32585.65,3,0,0,4,OTHER,0
3284.54,6,0,0,6,GAMING,0
20058.34,3,0,0,5,GROCERY,0
5064.0,2,0,1,5,GROCERY,0
24340.91,2,0,0,3,TRAVEL,0
88376.46,4,0,1,5,ELECTRONICS,0
457.29,2,0,0,5,OTHER,0
34148.77,1,0,1,6,OTHER,0
14617.96,6,0,0,6,GROCERY,0
54392.86,2,0,0,3,OTHER,1
9382.59,2,0,0,2,GROCERY,0
28197.84,3,0,1,7,CRYPTO,1
966.38,2,0,0,2,TRAVEL,0
6125.82,2,0,0,2,ELECTRONICS,0
1040.52,2,0,0,7,TRAVEL,0
55540.5,3,0,0,9,CRYPTO,1
25471.9,3,0,0,2,TRAVEL,0
28713.73,4,1,0,4,CRYPTO,0
41700.9,5,0,0,6,GROCERY,0
1334.16,1,0,0,3,CRYPTO,0
7306.58,1,0,1,4,OTHER,1
1105.26,1,0,1,3,ELECTRONICS,0
3550.9,2,0,0,6,OTHER,0
3908.12,3,0,0,3,FOOD,0
9497.93,4,1,0,2,GAMING,1
4691.15,3,0,0,7,GROCERY,0
1596.72,1,0,0,3,SHOPPING,0
2749.67,3,0,0,1,ELECTRONICS,0
2389.78,4,0,0,2,ELECTRONICS,0
54221.5,3,0,0,3,ELECTRONICS,1
21362.59,1,0,0,1,FOOD,0
51518.89,1,0,0,3,OTHER,1
8690.33,4,1,0,8,GROCERY,0
4893.61,4,0,0,4,TRAVEL,0
24014.1,3,0,0,5,CRYPTO,0
5923.53,2,0,0,3,OTHER,0
5336.92,3,0,1,4,ELECTRONICS,1
3969.37,2,0,0,2,TRAVEL,0
2083.4,5,0,0,1,SHOPPING,0
4445.05,1,0,0,2,SHOPPING,0
6585.01,1,1,0,2,SHOPPING,0
16812.6,3,0,0,3,ELECTRONICS,0
969.12,3,0,0,4,ELECTRONICS,0
3545.46,3,0,0,3,SHOPPING,0
24834.08,4,0,0,6,ELECTRONICS,0
2383.56,6,0,1,3,SHOPPING,1
6292.97,3,0,0,3,GROCERY,0
29999.36,1,0,0,4,CRYPTO,0
2524.95,4,0,0,3,CRYPTO,0
1295.41,1,0,0,8,FOOD,0
9940.38,2,0,0,7,GAMING,0
5402.06,1,0,0,3,SHOPPING,0
12431.35,4,0,0,4,GROCERY,0
24429.68,2,0,0,6,SHOPPING,0
2212.69,2,0,0,7,GROCERY,0
13037.5,1,0,0,7,GAMING,0
10563.39,5,0,0,10,GROCERY,0
2333.65,1,0,0,3,GROCERY,0
14672.43,3,0,0,5,FOOD,0
4795.65,4,0,0,3,FOOD,0
10036.61,1,0,0,3,ELECTRONICS,0
1287.82,1,0,1,1,TRAVEL,0
9231.24,3,0,0,2,GROCERY,0
5489.27,1,0,0,4,ELECTRONICS,0
25921.73,3,0,0,5,FOOD,0
880.0,1,0,0,5,SHOPPING,0
8134.93,1,1,0,4,GROCERY,0
9199.28,2,0,0,2,ELECTRONICS,0
19365.09,3,0,0,2,SHOPPING,0
12809.87,4,1,0,5,TRAVEL,0
16503.76,2,0,0,1,SHOPPING,0
22512.07,3,0,0,6,GROCERY,0
29729.6,3,1,0,4,ELECTRONICS,1
5650.44,3,0,0,4,TRAVEL,0
11583.59,3,0,0,2,SHOPPING,0
27498.86,1,0,0,3,FOOD,0
68276.05,2,0,1,1,TRAVEL,1
33043.72,3,0,1,1,FOOD,0
6965.51,2,0,0,5,SHOPPING,0
3256.8,4,0,0,4,GROCERY,0
10082.31,2,0,0,5,GAMING,0
20301.1,1,0,0,4,GROCERY,0
10175.92,6,0,0,4,OTHER,0
9900.93,4,0,0,4,CRYPTO,0
27323.73,6,0,0,6,OTHER,0
6727.24,4,0,0,7,OTHER,0
29469.71,5,0,0,1,OTHER,0
7833.48,6,0,0,1,OTHER,0
5967.66,1,0,0,6,GROCERY,0
9076.77,3,0,0,3,SHOPPING,0
21560.47,1,0,0,3,GROCERY,0
2020.16,5,0,0,2,SHOPPING,0
3280.16,9,0,0,5,SHOPPING,1
45375.82,2,0,0,1,OTHER,0
2894.52,1,0,0,8,OTHER,0
12580.48,1,0,0,5,FOOD,0
12988.05,3,0,1,1,TRAVEL,1
10089.13,2,0,0,4,SHOPPING,0
15523.8,4,0,0,2,SHOPPING,0
3917.1,2,0,0,3,SHOPPING,0
12066.62,3,1,0,4,OTHER,1
6982.37,4,0,0,10,OTHER,0
16255.88,1,0,1,5,GROCERY,0
2283.7,1,0,0,5,FOOD,0
12690.19,3,0,0,8,GAMING,0
3073.48,3,0,0,4,ELECTRONICS,0
4899.32,4,0,0,3,TRAVEL,0
3702.13,1,1,1,8,OTHER,1
3028.76,6,1,0,5,FOOD,1
26205.6,5,1,0,3,SHOPPING,0
5046.94,2,0,0,4,OTHER,0
39284.89,2,1,0,7,ELECTRONICS,0
52561.68,2,0,0,4,TRAVEL,0
12703.59,3,1,0,3,GROCERY,0
2314.78,3,0,0,3,FOOD,0
7039.22,3,0,0,5,SHOPPING,0
23972.45,1,0,0,3,SHOPPING,0
6868.53,1,0,1,9,SHOPPING,0
1365.57,6,0,0,1,OTHER,1
12205.5,3,0,0,5,GROCERY,0
27976.65,1,0,0,6,FOOD,0
23839.12,2,0,0,6,GROCERY,0
2887.82,3,0,0,4,ELECTRONICS,0
16756.13,3,0,0,4,OTHER,0
3736.62,2,0,0,4,OTHER,0
3692.49,4,0,0,9,ELECTRONICS,0
31080.65,1,1,0,4,GROCERY,0
4308.61,2,0,0,5,FOOD,0
4582.55,1,0,0,4,CRYPTO,0
100.0,4,0,0,3,ELECTRONICS,0
30680.71,5,1,0,2,FOOD,0
23596.21,2,0,0,3,SHOPPING,0
14805.89,4,0,0,5,GROCERY,0
20810.37,2,0,0,7,SHOPPING,0
2473.98,3,0,0,6,OTHER,0
9196.3,4,1,0,8,GROCERY,0
6489.91,4,0,0,4,TRAVEL,0
1477.04,4,0,0,4,FOOD,0
9986.79,2,0,0,8,OTHER,1
38025.26,1,0,1,1,GROCERY,0
613.25,3,0,0,1,TRAVEL,0
5168.25,2,0,0,13,FOOD,0
3489.22,2,0,0,7,OTHER,0
4080.02,2,0,0,4,GROCERY,0
35860.52,3,0,0,6,SHOPPING,0
9468.62,3,0,0,8,GROCERY,0
9418.8,2,0,0,5,GAMING,0
21442.77,1,0,0,4,SHOPPING,0
2517.27,5,0,0,3,GROCERY,0
10019.95,4,0,1,1,ELECTRONICS,0
8431.39,2,0,0,2,GAMING,0
13628.96,2,1,0,2,SHOPPING,0
115852.94,1,0,0,4,SHOPPING,0
22009.24,1,0,1,7,TRAVEL,0
7609.12,1,1,0,4,ELECTRONICS,1
26364.98,5,0,0,6,ELECTRONICS,1
2807.75,3,0,0,5,FOOD,0
464.06,3,0,0,1,OTHER,0
3430.79,3,0,0,1,FOOD,0
6242.09,1,1,0,6,SHOPPING,0
10718.04,2,0,0,3,FOOD,0
14322.71,2,0,0,7,OTHER,1
36220.48,3,0,0,3,GAMING,0
10695.78,3,0,0,6,GAMING,0
10435.53,1,0,0,2,GROCERY,0
773.24,1,0,0,3,ELECTRONICS,0
533.03,2,0,1,3,FOOD,0
12016.33,1,0,0,4,OTHER,0
8648.57,2,0,0,1,SHOPPING,0
27412.08,1,0,0,7,TRAVEL,0
2627.44,4,0,0,3,SHOPPING,0
379.33,4,0,0,6,SHOPPING,0
8941.36,3,0,0,4,ELECTRONICS,0
4066.87,3,0,0,3,TRAVEL,0
763.31,5,0,0,5,TRAVEL,0
19342.87,1,1,1,6,SHOPPING,1
1774.88,2,0,0,4,ELECTRONICS,0
14059.63,1,0,0,6,OTHER,0
4949.45,2,0,0,3,GROCERY,0
2858.26,1,0,0,5,GROCERY,0
7164.53,5,0,0,2,ELECTRONICS,0
24250.4,2,1,0,2,SHOPPING,0
7466.01,3,0,0,4,FOOD,0
20840.67,2,0,0,7,GROCERY,0
2011.31,4,0,0,1,TRAVEL,0
22226.98,3,0,1,6,FOOD,0
4056.15,2,1,0,3,SHOPPING,0
16969.81,1,0,0,7,OTHER,0
12513.11,2,0,1,2,GAMING,0
39706.74,3,1,0,3,GAMING,0
7348.75,2,0,0,5,GROCERY,0
1026.84,1,0,0,4,FOOD,0
290.12,2,0,0,6,GROCERY,0
26304.7,1,0,0,4,OTHER,0
11158.26,3,0,0,6,ELECTRONICS,0
22391.1,5,0,0,5,GROCERY,0
4006.93,1,0,0,2,SHOPPING,0
6348.72,4,0,0,6,FOOD,0
458.49,3,1,0,1,SHOPPING,1
48853.47,5,0,0,3,GROCERY,0
16533.34,2,0,0,2,GROCERY,0
40591.93,3,0,0,6,FOOD,0
4628.41,2,0,0,7,FOOD,0
14180.53,3,0,0,5,ELECTRONICS,0
17021.36,1,0,0,2,SHOPPING,0
5730.98,2,0,0,4,FOOD,0
28268.91,3,0,0,4,TRAVEL,0
44107.72,3,0,0,8,GROCERY,0
32423.46,1,0,0,4,ELECTRONICS,0
20152.37,1,0,0,6,GROCERY,0
4874.83,2,1,0,4,FOOD,1
4961.27,2,0,0,1,FOOD,0
49599.35,2,0,1,4,SHOPPING,1
155.07,3,1,0,2,OTHER,0
18884.36,3,0,1,5,FOOD,1
18375.2,2,1,0,6,FOOD,0
14620.3,6,1,0,3,GROCERY,0
69241.72,4,0,0,3,SHOPPING,1
5606.87,3,0,0,7,GROCERY,0
6232.09,4,0,0,2,GROCERY,0
1233.44,4,0,0,6,CRYPTO,0
8772.42,1,1,0,10,GROCERY,0
4537.85,4,1,0,5,ELECTRONICS,1
6309.9,6,0,0,3,FOOD,0
26988.27,4,0,0,8,GROCERY,0
41112.75,5,0,1,5,GAMING,0
3082.01,1,0,0,6,ELECTRONICS,0
6990.39,3,0,0,1,FOOD,0
39598.28,1,1,0,4,GROCERY,0
957.02,4,0,1,4,SHOPPING,0
1453.62,2,0,0,5,GROCERY,0
2665.22,2,0,0,4,OTHER,0
13565.91,1,0,0,4,SHOPPING,0
2446.12,4,0,0,1,OTHER,0
51666.14,7,0,1,3,SHOPPING,1
8878.22,3,0,0,6,TRAVEL,0
10442.82,3,0,0,2,GROCERY,0
4248.55,4,0,0,2,GAMING,0
9550.38,1,0,0,5,GROCERY,0
16266.81,2,0,1,6,ELECTRONICS,0
20865.21,3,0,1,1,SHOPPING,1
21028.31,2,0,0,3,TRAVEL,0
12937.38,1,0,0,3,TRAVEL,0
35207.43,1,0,0,2,ELECTRONICS,0
25507.5,1,0,0,12,FOOD,0
21223.38,2,0,0,7,SHOPPING,0
858.17,2,0,0,3,SHOPPING,0
103.53,1,0,0,3,FOOD,0
3582.37,1,0,0,6,SHOPPING,0
16338.41,2,0,0,3,OTHER,0
7944.97,8,0,1,3,OTHER,1
7722.66,3,0,0,6,FOOD,0
32388.56,3,1,0,1,OTHER,0
33887.55,5,0,0,4,CRYPTO,0
35982.35,3,0,0,3,FOOD,0
5650.5,1,0,0,3,TRAVEL,0
17618.92,3,0,0,4,CRYPTO,0
4754.26,4,0,0,2,SHOPPING,0
3172.11,3,0,0,5,SHOPPING,0
3061.74,5,0,1,5,ELECTRONICS,0
6280.71,4,0,1,6,GROCERY,0
8430.67,3,0,0,3,GROCERY,0
26663.34,1,1,0,5,CRYPTO,0
1915.64,3,0,1,4,GROCERY,1
19916.19,2,1,0,2,GAMING,0
11371.84,1,0,0,3,FOOD,0
5094.01,1,0,0,8,SHOPPING,0
10183.33,1,0,1,3,SHOPPING,1
5348.88,3,0,0,6,GAMING,0
13598.15,2,0,0,9,OTHER,0
8533.28,5,0,0,2,GAMING,0
2694.18,4,0,0,6,TRAVEL,0
1859.37,3,0,0,5,FOOD,0
11867.87,2,0,1,4,SHOPPING,1
34905.17,1,0,0,1,GROCERY,0
6322.95,3,0,0,2,FOOD,0
19807.61,1,0,1,5,SHOPPING,0
16123.2,1,0,0,8,FOOD,0
40225.85,4,0,0,7,GROCERY,0
25803.95,4,1,0,5,GROCERY,0
12541.59,3,0,0,2,SHOPPING,0
16051.71,1,0,0,3,GROCERY,0
34298.68,1,0,1,6,FOOD,0
7650.36,1,0,0,6,SHOPPING,0
5935.57,2,0,0,5,FOOD,0
163.05,1,0,0,6,GROCERY,0
26278.08,1,1,0,3,SHOPPING,0
24215.3,1,0,0,3,SHOPPING,0
1654.83,1,0,1,6,OTHER,0
12900.69,1,0,0,4,GROCERY,0
9353.8,3,0,0,4,TRAVEL,0
1895.51,1,0,0,7,FOOD,0
59112.69,3,0,0,3,GROCERY,1
3625.26,1,0,0,1,SHOPPING,0
1044.02,5,0,0,4,SHOPPING,0
13552.37,2,0,0,6,SHOPPING,0
20140.86,4,0,0,7,GAMING,0
494.72,1,0,0,3,CRYPTO,0
16125.68,3,0,0,7,GROCERY,0
11398.66,3,0,0,2,GROCERY,0
1634.92,4,0,0,4,SHOPPING,0
2840.63,4,1,0,5,FOOD,0
12589.05,3,0,1,6,GAMING,0
5272.28,1,0,0,4,OTHER,0
41785.89,5,0,0,4,GROCERY,0
25617.36,3,0,0,2,GAMING,0
61627.15,3,0,0,1,TRAVEL,0
4509.91,3,0,0,6,TRAVEL,0
52460.82,3,1,0,1,FOOD,0
8464.29,2,0,0,2,GROCERY,0
6404.59,1,0,0,6,SHOPPING,1
774.92,3,0,0,4,TRAVEL,0
813.13,3,0,0,1,OTHER,0
17665.38,3,0,0,4,ELECTRONICS,0
9185.37,7,1,0,5,SHOPPING,1
3852.86,4,0,0,9,OTHER,0
14277.61,2,0,0,4,SHOPPING,0
4372.5,1,0,0,1,GROCERY,0
12928.17,1,1,0,5,TRAVEL,0
6675.77,2,1,0,5,FOOD,0
26020.96,1,0,0,4,OTHER,0
25780.1,4,0,1,6,SHOPPING,0
9732.66,5,0,0,5,GROCERY,0
6480.66,3,1,0,5,GROCERY,0
6754.42,3,0,0,8,TRAVEL,0
24576.4,2,0,1,1,SHOPPING,1
5966.46,4,1,0,6,SHOPPING,0
3517.99,1,0,0,2,TRAVEL,0
1327.36,2,0,0,3,FOOD,0
9429.87,1,0,1,5,GROCERY,0
9870.53,4,0,0,1,ELECTRONICS,0
27574.16,1,0,0,1,GROCERY,0
3750.76,4,0,0,1,OTHER,0
7194.54,9,0,0,3,GROCERY,0
24785.63,1,0,0,6,SHOPPING,0
26027.02,2,0,0,6,FOOD,0
7282.51,3,1,1,9,FOOD,0
9218.48,2,0,0,4,CRYPTO,0
5420.7,2,0,0,3,TRAVEL,0
40446.62,3,0,0,3,FOOD,0
1894.4,1,0,1,2,FOOD,0
40714.67,3,1,1,5,FOOD,1
17273.86,2,0,0,3,TRAVEL,0
11375.6,1,0,0,4,ELECTRONICS,0
498.06,2,1,0,1,FOOD,1
9682.4,2,0,0,3,FOOD,0
7857.35,3,0,0,3,ELECTRONICS,0
2637.08,2,1,0,3,ELECTRONICS,0
16024.58,3,0,0,7,FOOD,0
53185.15,2,0,0,1,SHOPPING,0
12389.51,5,0,0,6,CRYPTO,0
18816.01,3,1,0,7,ELECTRONICS,0
1063.59,5,0,0,6,GROCERY,0
8110.69,4,0,1,6,SHOPPING,0
1855.56,5,1,0,1,OTHER,0
14232.05,1,0,1,3,SHOPPING,0
41826.42,3,0,0,3,ELECTRONICS,0
16260.78,4,0,0,2,GROCERY,0
1198.69,5,0,0,3,CRYPTO,0
6569.81,3,0,0,3,TRAVEL,0
11999.74,1,1,0,5,GROCERY,0
7742.79,3,0,0,4,SHOPPING,0
26904.38,2,0,1,2,GROCERY,0
25284.34,2,0,0,4,GAMING,0
14194.72,2,0,0,4,ELECTRONICS,0
7013.09,2,0,0,5,SHOPPING,0
4422.34,5,0,0,3,SHOPPING,0
1678.63,3,0,0,3,SHOPPING,0
6575.2,2,1,0,6,GROCERY,0
7995.37,4,0,0,7,SHOPPING,0
16896.98,2,0,0,6,GROCERY,0
16101.18,4,0,0,6,GROCERY,0
1090.3,1,0,0,5,OTHER,1
7544.33,5,1,0,1,FOOD,0
3009.34,1,0,0,7,SHOPPING,0
2558.49,2,0,1,3,OTHER,1
26343.18,2,0,0,1,SHOPPING,0
642.29,2,0,0,5,SHOPPING,0
8149.79,2,0,1,1,GROCERY,1
2762.51,3,0,0,6,FOOD,0
31720.46,1,0,0,4,SHOPPING,0
12214.15,2,0,0,2,SHOPPING,0
3947.39,2,0,0,1,GROCERY,0
10470.2,1,0,0,6,SHOPPING,0
19722.8,2,0,0,5,GAMING,0
47593.49,1,0,0,5,GROCERY,0
3735.5,4,0,0,5,GROCERY,0
32597.29,4,0,0,2,GROCERY,0
40840.78,5,0,0,1,ELECTRONICS,0
37229.36,3,0,0,4,GAMING,0
15134.91,3,0,0,1,GROCERY,0
14906.52,4,1,0,9,OTHER,0
7742.87,4,1,0,4,TRAVEL,0
20938.98,6,0,0,2,SHOPPING,1
11366.69,3,0,0,5,FOOD,0
16971.9,2,0,0,3,SHOPPING,0
8391.26,5,0,0,3,OTHER,0
19723.37,4,0,0,7,OTHER,0
26099.31,2,0,0,6,TRAVEL,0
2375.03,7,0,0,9,TRAVEL,0
26840.11,5,1,1,7,FOOD,0
11657.6,3,1,0,5,OTHER,0
27932.66,1,0,0,1,GAMING,0
8466.08,1,0,0,7,SHOPPING,0
7147.34,1,0,0,4,GAMING,0
36987.28,4,0,0,3,FOOD,0
4338.63,3,0,0,2,FOOD,0
27888.92,2,0,1,4,GAMING,1
9925.33,3,0,1,2,TRAVEL,1
10826.15,4,0,0,7,TRAVEL,0
5532.69,4,0,0,4,TRAVEL,0
12766.05,2,1,0,5,GROCERY,0
5900.33,6,0,0,2,FOOD,0
600.92,1,0,0,2,TRAVEL,0
4761.78,1,0,0,1,FOOD,0
100.0,7,0,0,3,SHOPPING,0
57494.56,3,1,0,4,TRAVEL,0
50609.81,3,0,1,5,OTHER,1
7541.75,1,0,0,2,FOOD,0
19549.76,1,0,0,4,SHOPPING,0
6365.27,1,1,0,2,OTHER,0
16679.71,2,0,0,7,GROCERY,0
24554.45,2,0,0,4,GAMING,0
43993.12,3,0,0,3,GROCERY,0
7667.69,2,0,1,4,CRYPTO,0
22938.48,6,0,0,8,SHOPPING,0
4637.23,4,0,0,3,OTHER,0
69584.48,4,0,0,3,GROCERY,0
391.61,1,0,0,3,ELECTRONICS,0
13877.28,3,0,0,7,ELECTRONICS,0
16160.37,7,1,0,6,ELECTRONICS,1
17473.47,7,0,0,4,GROCERY,0
1924.11,4,0,0,3,FOOD,0
41838.04,1,0,0,3,FOOD,0
2998.43,4,0,0,2,FOOD,0
14622.84,1,0,0,3,ELECTRONICS,0
3778.47,1,0,0,2,GROCERY,0
5505.56,1,1,0,5,ELECTRONICS,0
11860.03,4,0,1,4,SHOPPING,0
8098.5,7,0,0,8,GROCERY,1
2619.33,3,0,0,6,FOOD,0
2811.88,5,0,0,5,GROCERY,0
8123.0,8,0,1,3,SHOPPING,1
21237.89,1,0,0,4,TRAVEL,1
34236.54,2,0,0,4,TRAVEL,0
1318.17,3,1,0,2,OTHER,0
7490.97,1,0,1,5,FOOD,0
1584.5,2,0,0,3,GAMING,0
250.98,2,1,1,5,ELECTRONICS,0
16258.16,1,0,0,7,GROCERY,0
13836.5,2,1,1,2,OTHER,0
2669.31,4,0,0,6,OTHER,0
3994.93,1,0,0,7,SHOPPING,0
359.9,3,0,0,1,SHOPPING,0
27022.35,4,0,0,5,GAMING,0
55148.69,2,0,0,8,SHOPPING,0
2183.36,3,0,0,6,GAMING,0
3949.24,1,0,0,6,GROCERY,0
30420.91,3,1,1,3,FOOD,1
39149.66,1,0,0,2,GROCERY,0
8161.27,4,0,0,5,SHOPPING,0
779.23,5,0,0,4,CRYPTO,0
602.83,4,1,0,4,TRAVEL,0
12797.97,1,0,0,9,SHOPPING,0
7485.81,1,1,1,5,SHOPPING,0
436.06,2,0,0,4,GROCERY,0
13129.12,1,0,0,5,GAMING,0
170.5,5,0,1,3,TRAVEL,0
23223.16,3,0,0,3,OTHER,0
5488.61,2,0,0,5,SHOPPING,0
616.36,4,0,0,2,SHOPPING,0
13313.81,4,0,0,6,OTHER,0
7604.61,4,1,0,4,GROCERY,0
54630.17,4,0,0,4,FOOD,0
11785.47,2,1,0,3,SHOPPING,0
4828.7,1,0,0,5,SHOPPING,0
18539.12,2,1,0,3,SHOPPING,1
4751.35,3,0,0,3,FOOD,0
35189.17,4,0,0,3,OTHER,0
7043.38,1,0,1,2,ELECTRONICS,0
11973.23,3,0,0,8,FOOD,0
778.45,3,0,0,3,FOOD,0
8330.06,1,0,0,6,OTHER,0
26789.36,1,0,0,3,SHOPPING,0
24571.33,3,0,0,3,TRAVEL,0
3810.2,1,0,0,1,GROCERY,0
3844.28,3,0,0,4,FOOD,0
25499.08,1,0,0,6,SHOPPING,0
39974.52,1,0,0,2,ELECTRONICS,0
1503.29,4,0,0,5,FOOD,0
8969.15,2,0,0,6,OTHER,0
6174.99,1,0,0,6,FOOD,0
30682.96,1,0,0,3,GAMING,0
1308.31,1,0,0,4,SHOPPING,0
3557.23,2,0,0,1,CRYPTO,0
20943.25,2,0,1,3,OTHER,0
789.84,3,0,0,1,GROCERY,0
10174.92,1,0,0,1,SHOPPING,0
8753.82,1,0,1,4,GROCERY,0
6106.02,4,0,0,4,ELECTRONICS,0
7527.3,4,1,0,2,CRYPTO,0
11323.44,2,0,0,2,SHOPPING,0
2639.74,2,0,0,8,SHOPPING,0
12729.34,2,0,0,7,FOOD,0
24554.63,1,0,0,3,FOOD,0
21416.81,1,0,0,2,FOOD,0
2506.76,5,0,0,1,GROCERY,0
2424.55,2,0,1,2,FOOD,0
4683.2,3,1,1,6,OTHER,0
6719.52,1,1,1,5,FOOD,1
7875.28,1,0,0,8,FOOD,0
17077.33,1,0,0,4,SHOPPING,0
875.25,2,0,0,1,OTHER,0
529.32,3,0,0,2,GAMING,0
7461.5,2,0,1,4,FOOD,0
17918.44,4,0,0,2,GAMING,0
3224.57,2,1,0,3,GAMING,1
15387.59,1,1,1,3,OTHER,0
4513.09,2,0,0,8,OTHER,0
32584.69,3,0,0,1,GROCERY,0
33905.81,1,0,0,11,SHOPPING,0
5292.11,3,0,0,1,ELECTRONICS,0
3920.35,2,0,0,3,OTHER,0
7947.68,1,0,0,6,GROCERY,0
4127.05,4,0,1,7,SHOPPING,0
16738.69,2,0,0,2,SHOPPING,0
26236.08,1,0,0,1,SHOPPING,0
16771.15,2,1,0,5,SHOPPING,0
26088.97,1,0,0,5,SHOPPING,0
7587.38,5,0,0,8,OTHER,0
2549.68,2,0,0,2,GAMING,0
20088.35,3,0,0,5,ELECTRONICS,0
6705.43,2,1,0,5,SHOPPING,1
16687.82,6,0,0,5,OTHER,1
4733.9,1,1,0,4,GROCERY,0
1270.79,3,0,0,2,GROCERY,0
73557.27,1,0,0,6,OTHER,0
2547.62,2,0,0,3,TRAVEL,0
66878.42,1,0,0,4,GROCERY,0
56767.6,1,0,0,1,OTHER,0
23684.95,3,1,0,2,OTHER,0
16156.71,2,0,1,6,OTHER,0
12934.39,1,0,0,1,FOOD,0
30160.1,4,0,1,2,FOOD,0
5125.52,1,0,0,1,SHOPPING,0
9457.69,1,0,0,5,TRAVEL,0
14489.7,4,1,0,6,OTHER,1
7944.79,5,0,0,3,OTHER,0
8365.78,4,1,1,3,OTHER,0
6013.54,3,0,1,5,GROCERY,0
12459.67,2,0,0,5,GAMING,0
28514.36,2,0,1,6,CRYPTO,1
3375.84,6,0,0,4,FOOD,1
40870.25,3,0,0,5,FOOD,0
17523.66,2,0,0,2,ELECTRONICS,0
25997.25,2,0,0,5,GROCERY,0
12185.4,4,0,0,3,OTHER,0
22679.0,2,0,0,1,GROCERY,0
245.0,2,0,0,7,SHOPPING,0
25587.62,3,0,0,5,OTHER,0
614.5,1,1,0,3,OTHER,0
33097.32,3,0,0,3,GAMING,0
72355.02,5,0,0,4,CRYPTO,1
5223.53,4,0,0,5,OTHER,0
3541.88,1,0,0,6,OTHER,0
21745.76,2,0,0,5,TRAVEL,0
4375.88,1,0,0,2,ELECTRONICS,0
30099.83,2,0,0,3,TRAVEL,0
1627.86,3,0,0,4,SHOPPING,0
2019.35,5,0,0,3,OTHER,0
58057.14,2,0,0,5,ELECTRONICS,0
16805.46,2,0,1,4,CRYPTO,1
28148.71,4,0,0,2,GROCERY,0
5880.74,4,0,0,1,TRAVEL,0
16927.59,6,0,0,4,FOOD,1
13529.97,3,0,0,2,SHOPPING,0
13862.96,5,0,0,4,TRAVEL,0
17210.7,1,0,0,4,CRYPTO,0
12847.67,4,0,0,6,GROCERY,0
8407.13,3,0,1,3,GROCERY,1
4842.86,6,0,0,7,OTHER,0
21952.9,2,0,0,5,OTHER,0
3848.03,1,0,0,2,GROCERY,0
17682.1,1,0,0,2,FOOD,0
3985.54,7,0,0,1,GROCERY,0
14725.65,5,1,1,4,GAMING,1
20620.13,2,0,0,5,ELECTRONICS,0
3702.21,2,0,0,7,TRAVEL,0
927.23,1,0,0,1,ELECTRONICS,0
2105.73,5,0,0,1,SHOPPING,0
13970.95,1,0,0,2,FOOD,0
28401.54,4,0,0,3,GAMING,0
690.61,1,0,0,1,GAMING,0
19872.42,2,0,0,7,CRYPTO,0
6262.73,4,1,0,5,OTHER,0
9766.51,4,1,0,6,ELECTRONICS,0
39646.49,1,0,0,5,GROCERY,0
6051.37,6,0,0,5,GROCERY,1
9391.78,3,0,0,4,ELECTRONICS,0
206.65,5,0,1,6,GROCERY,0
1276.81,3,0,0,5,FOOD,0
4488.05,3,0,0,2,GROCERY,0
423.71,2,0,1,5,OTHER,1
14969.64,1,1,0,4,FOOD,0
8337.3,3,0,0,6,GROCERY,0
11915.92,2,0,0,3,OTHER,0
2879.16,4,0,0,4,TRAVEL,0
5263.21,2,0,1,10,GROCERY,1
16351.83,4,0,0,3,CRYPTO,0
50416.41,2,0,0,5,GROCERY,0
775.98,2,1,1,7,GAMING,1
33161.62,4,0,0,3,TRAVEL,0
12901.53,1,0,0,3,GROCERY,0
12448.93,3,0,0,5,GAMING,1
10405.57,2,0,0,6,SHOPPING,0
1078.79,3,0,0,1,TRAVEL,0
1412.63,1,0,0,7,CRYPTO,0
13778.6,1,0,1,1,FOOD,0
6254.53,1,0,0,7,SHOPPING,0
37382.24,5,0,0,9,OTHER,0
7828.06,3,0,0,4,SHOPPING,0
2319.69,2,1,0,4,TRAVEL,0
18814.2,2,0,0,6,FOOD,0
5208.37,1,0,1,5,SHOPPING,0
11181.47,3,0,0,3,SHOPPING,0
17951.62,3,0,0,4,FOOD,0
34578.45,3,0,0,6,FOOD,0
23567.05,5,0,0,2,TRAVEL,0
16921.9,4,0,0,2,GROCERY,0
17074.33,3,0,0,6,TRAVEL,0
43760.65,1,0,0,3,ELECTRONICS,0
5260.91,5,0,0,4,GROCERY,0
100.0,5,0,0,2,ELECTRONICS,0
4760.88,4,0,0,2,SHOPPING,0
3686.42,4,0,1,4,OTHER,0
16263.3,4,0,1,3,OTHER,0
15065.01,1,1,0,5,GAMING,1
13501.15,3,1,1,4,FOOD,1
245.65,3,0,0,5,OTHER,0
19572.27,2,0,0,2,OTHER,0
5863.02,5,0,0,6,SHOPPING,0
16406.88,5,0,0,4,TRAVEL,0
12198.51,3,0,0,3,GROCERY,0
6294.93,1,0,0,3,GROCERY,0
2168.04,3,0,0,3,SHOPPING,0
1487.68,1,0,0,4,TRAVEL,0
26713.93,5,1,0,6,FOOD,1
37588.44,1,0,0,6,GROCERY,0
15738.25,1,0,1,1,GAMING,1
1637.75,4,0,0,5,SHOPPING,0
7713.15,6,0,0,3,TRAVEL,0
19581.18,1,1,0,2,ELECTRONICS,0
22699.71,3,0,0,4,SHOPPING,0
1887.17,3,0,0,4,GROCERY,0
100.0,5,0,0,3,TRAVEL,0
18679.06,2,0,0,6,FOOD,0
6614.74,1,0,0,3,GAMING,0
4405.13,1,0,0,3,GROCERY,0
194.72,2,0,0,3,FOOD,0
11657.7,5,0,1,3,SHOPPING,0
28572.32,2,0,0,5,ELECTRONICS,0
47420.3,1,0,0,1,ELECTRONICS,0
12511.85,4,0,1,2,FOOD,0
10837.45,4,0,0,5,SHOPPING,0
1333.39,1,0,0,2,FOOD,0
11940.09,1,0,0,3,GAMING,0
7170.03,5,0,0,9,GROCERY,0
14014.35,2,0,0,2,GAMING,0
7383.16,3,0,0,5,OTHER,0
4122.46,5,0,0,3,OTHER,0
1496.73,1,0,0,3,CRYPTO,0
5673.26,1,0,0,8,FOOD,0
1524.59,3,1,0,2,SHOPPING,0
2920.11,1,0,1,2,GROCERY,0
65535.07,5,0,0,9,GROCERY,0
8807.6,3,0,0,3,GROCERY,0
11385.2,5,1,0,1,TRAVEL,0
31026.76,3,0,0,5,SHOPPING,0
81286.61,1,1,0,2,OTHER,0
13109.77,1,1,0,5,SHOPPING,0
25107.55,1,0,0,5,TRAVEL,0
5938.83,2,0,1,7,SHOPPING,0
5473.72,3,0,0,3,GAMING,0
7730.13,3,0,0,3,OTHER,0
16744.34,3,0,0,8,SHOPPING,0
17194.6,1,0,0,2,GROCERY,0
5680.29,2,0,0,4,GROCERY,0
2144.38,1,0,0,7,ELECTRONICS,0
15011.25,1,0,0,4,FOOD,0
2060.09,1,0,0,1,GAMING,0
12958.77,4,0,0,2,ELECTRONICS,0
17734.25,2,0,1,7,ELECTRONICS,0
18090.2,2,0,0,2,GAMING,0
21004.2,4,0,0,4,GAMING,0
30936.93,3,0,0,3,TRAVEL,1
10395.98,3,0,0,7,GROCERY,0
19653.85,3,1,0,2,SHOPPING,1
14481.14,6,0,0,4,TRAVEL,0
3098.72,1,0,0,3,OTHER,0
390.38,3,0,0,3,ELECTRONICS,1
5022.47,3,0,0,2,TRAVEL,0
8778.76,4,0,0,5,SHOPPING,0
14399.95,1,1,0,5,GROCERY,0
28452.73,4,0,0,4,SHOPPING,0
3276.93,4,1,0,2,GROCERY,1
2012.4,2,1,0,1,GROCERY,0
49648.41,2,0,0,1,FOOD,0
1715.09,3,0,0,2,TRAVEL,0
9765.43,2,0,0,4,CRYPTO,0
13212.54,2,0,0,5,GAMING,0
11692.82,3,0,0,3,FOOD,1
1349.4,3,0,1,2,GROCERY,0
880.76,2,0,0,5,SHOPPING,0
1672.08,2,0,0,3,FOOD,0
13213.41,2,0,0,4,SHOPPING,0
11790.29,4,0,0,4,TRAVEL,0
3993.52,5,1,1,7,GROCERY,1
15232.31,4,0,0,5,SHOPPING,0
25727.6,4,0,0,3,TRAVEL,0
637.02,3,0,0,2,SHOPPING,0
10341.21,2,0,0,5,ELECTRONICS,0
17534.41,6,1,0,3,GROCERY,1
4361.54,1,0,0,2,GROCERY,0
5517.57,1,0,0,6,FOOD,0
14264.7,2,0,1,1,GROCERY,0
34232.22,1,0,1,2,FOOD,1
24905.0,3,0,0,7,GROCERY,0
13124.72,6,0,0,3,SHOPPING,0
19652.32,4,0,1,2,ELECTRONICS,1
6807.76,2,0,0,5,FOOD,0
15365.05,2,0,0,4,GROCERY,0
9415.49,1,0,1,4,TRAVEL,0
3159.63,2,0,0,6,ELECTRONICS,0
18146.76,4,0,1,3,SHOPPING,0
12194.67,5,0,0,5,FOOD,0
6662.03,1,0,0,5,SHOPPING,1
36344.06,1,0,0,3,GROCERY,0
317.35,2,0,0,7,TRAVEL,0
5691.99,3,0,0,3,ELECTRONICS,0
878.45,1,0,0,4,ELECTRONICS,0
21820.35,1,0,0,5,FOOD,0
18165.34,1,0,0,5,CRYPTO,0
6037.47,5,0,0,7,OTHER,0
16889.58,2,0,0,4,FOOD,0
7561.16,2,0,0,6,FOOD,0
21174.42,4,0,0,3,ELECTRONICS,0
9082.09,1,0,0,4,ELECTRONICS,0
7972.56,5,0,0,5,SHOPPING,0
40938.32,4,0,0,2,OTHER,0
4332.82,3,0,1,6,GROCERY,0
1925.13,1,0,0,2,SHOPPING,0
13175.65,4,0,0,5,GROCERY,0
52263.05,1,0,0,4,GROCERY,0
7118.35,5,0,0,4,GROCERY,0
960.67,5,0,0,1,SHOPPING,0
6216.95,3,0,0,1,TRAVEL,0
10576.22,1,0,0,3,GROCERY,0
2649.68,3,0,1,4,TRAVEL,0
16098.65,5,0,1,3,SHOPPING,0
91448.3,1,0,0,2,FOOD,0
9015.07,4,0,0,7,GROCERY,0
6571.26,4,0,0,10,GROCERY,0
7680.0,3,0,0,2,TRAVEL,0
1834.99,3,0,0,6,ELECTRONICS,0
32218.84,2,0,0,2,TRAVEL,1
8037.68,2,1,0,2,GROCERY,1
7347.57,4,0,0,3,OTHER,0
16168.49,2,0,1,6,SHOPPING,0
8751.84,1,0,1,3,GAMING,1
15671.81,1,0,0,6,GROCERY,0
951.23,5,0,0,7,SHOPPING,0
25207.83,2,0,0,5,SHOPPING,0
42327.68,3,0,0,4,GAMING,0
15694.51,1,0,1,1,TRAVEL,1
46372.39,1,0,0,4,SHOPPING,0
2463.08,2,0,0,2,FOOD,0
9734.55,1,0,0,4,OTHER,0
13812.27,4,0,1,4,FOOD,0
13074.66,3,0,0,3,GROCERY,0
7698.97,1,0,0,6,FOOD,0
6189.26,2,0,1,1,FOOD,0
2034.27,2,0,0,2,GROCERY,0
7457.35,5,1,0,5,ELECTRONICS,0
2662.89,3,1,0,7,TRAVEL,1
19884.52,5,0,1,6,FOOD,0
3513.65,3,1,0,6,OTHER,0
905.25,1,0,0,2,ELECTRONICS,0
12056.69,3,0,0,1,ELECTRONICS,0
13566.53,4,0,0,5,TRAVEL,1
30825.69,2,0,0,5,TRAVEL,0
12905.09,2,0,0,5,GROCERY,0
6357.82,5,0,0,1,GAMING,0
24369.18,5,0,0,6,OTHER,0
11657.03,1,0,1,4,GROCERY,0
1238.99,2,0,0,7,GAMING,0
12515.5,3,0,0,4,SHOPPING,0
35792.52,5,0,0,6,FOOD,0
7570.48,3,0,0,5,OTHER,0
5271.6,5,0,0,7,GROCERY,0
2322.98,2,0,0,2,FOOD,0
2463.31,2,0,0,1,OTHER,0
8504.9,1,0,1,6,SHOPPING,1
13583.22,2,0,0,5,TRAVEL,0
1260.76,1,0,0,5,ELECTRONICS,0
42093.69,1,1,0,4,GROCERY,0
21105.64,3,0,0,11,FOOD,0
13250.96,5,0,0,5,OTHER,0
26442.22,2,0,0,7,FOOD,0
1253.77,1,0,1,6,SHOPPING,1
9717.99,2,0,0,6,FOOD,0
14917.56,2,0,0,2,CRYPTO,0
26460.96,1,0,0,2,OTHER,0
22950.36,5,0,0,7,GROCERY,0
4866.63,5,1,0,4,TRAVEL,0
42422.83,1,0,0,3,GAMING,0
1991.76,1,0,1,6,GAMING,0
31207.67,2,0,0,7,SHOPPING,0
53076.02,1,0,0,2,FOOD,0
2924.78,5,0,0,1,SHOPPING,0
19205.58,1,0,0,3,GAMING,0
616.79,1,0,0,1,OTHER,0
7798.57,1,0,0,4,TRAVEL,0
10893.84,4,0,0,1,GROCERY,0
13035.57,1,0,0,3,GROCERY,0
41218.38,2,0,0,2,OTHER,0
16732.59,2,0,0,2,SHOPPING,0
9845.81,4,0,0,3,ELECTRONICS,0
24885.33,1,0,0,7,ELECTRONICS,0
45096.69,1,0,0,3,OTHER,0
334.7,2,0,0,4,FOOD,0
60701.56,5,0,0,8,SHOPPING,0
1351.04,5,0,0,1,OTHER,0
25261.35,1,0,0,5,TRAVEL,0
4934.54,5,0,0,2,GROCERY,0
2126.56,1,1,0,8,GROCERY,0
8693.41,3,0,0,9,FOOD,0
15490.54,5,0,0,5,OTHER,0
7193.58,3,0,0,3,FOOD,0
841.66,4,0,0,1,CRYPTO,0
13724.17,1,0,0,9,GROCERY,0
34903.67,7,1,0,4,GROCERY,1
7248.53,1,1,1,2,CRYPTO,1
3656.56,2,0,1,2,OTHER,1
8766.47,5,0,0,6,GROCERY,0
743.57,2,0,0,4,FOOD,0
25762.66,1,0,0,1,SHOPPING,0
26259.91,3,0,0,2,GROCERY,0
13301.0,3,0,0,4,OTHER,0
6533.52,6,0,0,3,SHOPPING,0
24125.33,2,0,0,2,SHOPPING,0
12134.67,1,0,0,3,GROCERY,0
26224.67,3,1,0,3,GROCERY,0
14973.04,3,0,0,3,SHOPPING,0
23015.34,3,1,0,2,GROCERY,0
13690.57,3,0,0,1,TRAVEL,0
8020.14,2,0,0,6,GAMING,0
47531.96,5,0,1,4,GROCERY,0
11684.3,1,0,0,3,TRAVEL,0
13936.44,3,0,0,5,GAMING,0
3736.3,4,0,0,2,SHOPPING,0
14738.49,1,0,1,7,OTHER,0
12715.74,4,0,0,1,GROCERY,0
3065.53,1,0,0,7,FOOD,0
921.54,3,1,0,5,FOOD,1
13908.73,3,0,0,9,OTHER,0
21639.31,4,0,0,4,FOOD,0
11116.21,4,1,0,2,SHOPPING,0
3857.73,2,0,0,5,CRYPTO,0
16472.67,3,0,0,5,OTHER,0
1252.45,1,0,0,4,OTHER,0
8746.48,3,0,0,3,TRAVEL,0
2675.54,4,1,0,9,ELECTRONICS,0
3058.55,2,0,0,7,FOOD,0
3390.23,2,0,0,3,TRAVEL,0
7333.69,3,1,0,7,FOOD,0
787.57,1,0,0,5,ELECTRONICS,0
7607.32,2,1,0,5,FOOD,0
10752.61,1,0,0,3,CRYPTO,0
9904.23,4,0,1,5,GROCERY,1
7238.05,5,0,0,4,TRAVEL,0
27408.93,2,1,0,4,SHOPPING,0
2355.54,4,0,0,3,FOOD,0
10569.09,5,1,1,4,GROCERY,1
960.74,5,0,1,5,GROCERY,1
1107.21,1,0,0,4,OTHER,0
12795.02,1,0,0,5,OTHER,0
12521.3,5,0,0,1,GROCERY,0
31560.13,2,0,0,4,SHOPPING,0
12242.39,1,1,0,5,SHOPPING,0
48204.97,1,0,0,1,SHOPPING,0
748.81,2,0,0,6,FOOD,0
1547.24,1,1,0,6,OTHER,0
675.99,1,0,1,2,OTHER,0
3073.6,7,1,0,1,GROCERY,1
11689.41,3,0,0,9,ELECTRONICS,0
15558.76,1,0,0,4,GROCERY,0
699.85,1,0,0,6,TRAVEL,0
43773.48,2,0,0,4,CRYPTO,0
27693.11,2,0,0,2,TRAVEL,0
5277.71,1,1,0,4,SHOPPING,0
1204.94,1,0,0,2,OTHER,0
2792.9,4,0,0,4,ELECTRONICS,0
2036.34,2,1,0,4,FOOD,0
1973.58,4,0,1,4,SHOPPING,0
10964.66,4,1,0,7,GAMING,0
4232.41,1,0,1,5,GROCERY,0
6650.77,4,0,0,5,GROCERY,0
68353.32,2,0,0,5,CRYPTO,1
17295.12,1,0,0,3,GROCERY,0
44633.26,4,0,0,3,ELECTRONICS,0
2307.0,1,0,0,5,FOOD,0
7222.39,3,0,0,3,GAMING,0
12136.18,2,0,0,5,CRYPTO,0
1197.96,5,1,0,5,OTHER,1
100.0,2,0,0,3,GROCERY,0
16649.69,5,0,0,3,SHOPPING,0
15400.77,2,0,0,4,TRAVEL,0
7934.56,1,0,0,6,OTHER,1
10089.7,1,0,1,5,FOOD,0
8053.51,2,0,0,6,GROCERY,0
364.47,1,0,0,5,FOOD,0
6127.91,3,0,1,3,SHOPPING,0
2923.49,4,0,0,4,ELECTRONICS,0
1554.17,3,1,0,3,ELECTRONICS,0
47101.12,1,0,0,3,GROCERY,0
13720.37,1,0,0,4,GAMING,0
19565.53,1,0,0,2,ELECTRONICS,0
5683.01,5,0,0,6,SHOPPING,0
7492.03,2,0,0,4,TRAVEL,0
4055.96,1,0,0,3,GAMING,0
1529.92,6,0,0,4,FOOD,0
2959.06,2,0,0,2,OTHER,0
23956.27,3,0,0,2,GROCERY,1
16976.91,4,0,0,3,OTHER,0
11875.59,2,0,0,5,ELECTRONICS,0
9667.92,1,0,0,5,ELECTRONICS,0
38349.45,7,0,0,3,GROCERY,0
1132.74,1,0,0,5,OTHER,0
4940.08,2,0,0,3,FOOD,0
6460.31,4,0,0,5,ELECTRONICS,0
22878.23,1,0,0,5,OTHER,0
73422.05,5,0,0,5,FOOD,0
4129.79,2,0,0,2,OTHER,0
31108.73,8,0,0,8,TRAVEL,0
26634.4,4,0,0,1,ELECTRONICS,0
3816.75,2,0,0,3,OTHER,0
7645.71,1,0,0,6,SHOPPING,0
7906.18,1,0,1,3,SHOPPING,1
57401.91,1,0,0,4,TRAVEL,1
2993.09,4,0,0,4,TRAVEL,0
24078.55,2,0,0,1,GROCERY,0
6101.33,2,0,1,4,GROCERY,1
19688.43,3,0,0,7,GROCERY,0
8171.19,5,0,0,5,GROCERY,0
12954.04,1,1,0,3,ELECTRONICS,0
26811.59,2,1,1,2,GROCERY,1
24457.29,2,0,0,5,FOOD,0
30196.18,1,0,0,3,SHOPPING,0
922.03,1,0,0,1,OTHER,0
17667.29,2,0,0,4,FOOD,0
2262.12,2,0,0,3,GAMING,0
8063.16,3,0,0,1,SHOPPING,0
11930.64,5,0,0,8,GROCERY,0
7731.03,5,1,0,5,GROCERY,0
10997.41,6,0,0,6,SHOPPING,0
84938.06,3,0,1,2,GROCERY,1
2179.16,1,1,1,6,TRAVEL,1
16880.01,1,0,0,5,SHOPPING,0
7562.74,4,0,0,4,ELECTRONICS,0
2140.91,2,0,0,3,GROCERY,0
2592.76,4,0,0,6,TRAVEL,0
44719.49,4,0,0,6,GROCERY,0
31754.22,2,0,0,5,ELECTRONICS,0
35634.11,1,0,0,4,FOOD,0
71573.29,6,0,0,7,TRAVEL,1
3503.88,1,0,0,3,OTHER,0
6587.8,3,0,0,2,SHOPPING,0
16594.48,2,1,0,7,GROCERY,0
9918.99,5,0,0,3,OTHER,0
8129.32,3,0,0,5,SHOPPING,0
6643.1,3,0,0,2,ELECTRONICS,0
13512.93,1,0,1,3,FOOD,0
12855.95,1,0,0,6,FOOD,0
2641.36,7,0,0,5,TRAVEL,0
9572.5,3,1,0,1,GROCERY,0
12093.79,3,1,0,7,CRYPTO,0
12669.56,1,1,0,9,SHOPPING,0
3537.87,5,0,0,1,GROCERY,0
20337.72,3,1,1,4,FOOD,1
382.83,1,0,0,7,GAMING,0
6573.66,2,1,0,2,CRYPTO,0
22726.42,5,1,0,3,TRAVEL,0
12448.01,1,1,0,5,FOOD,0
4540.16,1,0,0,4,SHOPPING,0
17809.35,3,0,0,3,CRYPTO,0
12568.81,2,0,0,3,FOOD,0
23862.45,4,0,0,2,SHOPPING,0
19921.81,4,0,0,8,SHOPPING,0
14128.28,3,0,0,5,OTHER,0
10046.67,3,0,0,5,TRAVEL,0
2143.9,1,0,0,7,FOOD,0
4543.62,6,0,0,7,GROCERY,1
8147.64,2,1,0,7,GROCERY,0
13718.11,1,0,0,4,OTHER,0
10814.19,4,0,0,4,GAMING,0
5099.05,3,0,0,3,GAMING,0
100.0,2,0,0,3,SHOPPING,0
10284.81,1,0,0,1,ELECTRONICS,0
5045.23,5,0,0,4,GROCERY,0
19898.23,1,1,0,2,TRAVEL,0
363.56,4,0,0,6,GAMING,0
13185.93,3,0,0,6,GROCERY,0
42574.32,1,0,1,5,FOOD,0
2874.84,3,0,0,5,GROCERY,0
9569.93,4,0,0,3,FOOD,0
1438.12,2,0,0,8,GAMING,0
14739.74,3,0,0,5,FOOD,0
11995.35,6,0,0,5,ELECTRONICS,0
7847.66,1,0,0,4,GAMING,1
11052.63,2,0,0,1,GAMING,0
34033.58,5,1,1,3,CRYPTO,1
3277.83,3,0,0,2,TRAVEL,0
342.34,3,1,0,5,FOOD,0
29671.14,1,0,0,2,GROCERY,0
12909.9,3,0,0,7,SHOPPING,0
33199.18,1,0,0,2,GROCERY,0
13630.24,1,0,0,2,OTHER,0
24923.69,1,0,1,5,SHOPPING,0
8423.19,6,0,0,5,CRYPTO,0
20786.01,2,0,1,5,ELECTRONICS,0
36634.86,5,0,0,5,CRYPTO,0
12733.79,4,1,0,1,OTHER,0
2991.13,3,1,0,7,GROCERY,0
4695.97,4,0,0,8,ELECTRONICS,0
3321.76,4,0,0,4,FOOD,0
4252.5,2,0,0,4,OTHER,0
5488.23,2,0,0,4,GAMING,0
12149.73,3,0,0,4,GROCERY,0
13300.67,1,0,1,1,OTHER,0
8339.95,5,1,0,4,FOOD,0
14334.08,1,0,0,8,SHOPPING,0
1276.42,1,0,0,3,TRAVEL,0
1378.25,3,0,0,2,OTHER,0
2828.04,3,0,0,5,OTHER,0
10949.58,3,0,0,3,TRAVEL,0
3611.88,1,0,0,4,FOOD,0
4996.14,2,0,0,7,FOOD,0
7670.21,1,1,0,3,SHOPPING,0
25059.02,1,0,0,2,GROCERY,0
209.39,2,0,0,2,ELECTRONICS,0
15720.73,4,1,0,4,SHOPPING,1
16578.96,4,0,0,6,GAMING,0
24041.09,3,0,0,2,GROCERY,0
40490.73,1,0,0,3,SHOPPING,0
305.15,1,1,0,6,FOOD,0
2504.7,2,0,0,4,SHOPPING,1
32595.91,6,0,0,8,SHOPPING,1
9201.7,3,0,0,5,SHOPPING,0
12472.03,2,0,0,5,FOOD,0
16316.3,4,0,0,5,ELECTRONICS,0
17047.83,3,0,0,1,SHOPPING,0
40266.56,2,1,1,7,FOOD,1
86886.34,3,0,0,1,SHOPPING,0
19102.92,1,1,0,2,TRAVEL,0
5078.76,1,0,0,6,GROCERY,0
31773.04,1,0,0,7,FOOD,0
757.1,1,1,0,4,FOOD,0
3941.54,2,0,0,8,FOOD,0
34151.67,5,0,0,2,FOOD,0
4439.58,1,0,0,4,FOOD,0
3739.45,5,0,0,8,FOOD,0
2229.68,3,0,0,3,OTHER,0
29396.82,1,0,0,2,FOOD,0
10398.96,3,0,0,4,FOOD,0
16854.02,2,0,1,3,FOOD,1
4098.14,2,0,0,5,OTHER,0
21284.77,2,0,1,2,SHOPPING,0
21407.09,1,0,0,4,TRAVEL,0
5622.54,1,0,0,4,ELECTRONICS,0
7931.86,1,0,0,3,FOOD,0
3529.96,1,1,1,5,OTHER,0
56300.32,3,0,0,1,GROCERY,0
15560.04,3,0,0,5,SHOPPING,0
40895.63,3,0,0,1,GROCERY,0
5422.85,2,0,0,7,GAMING,0
22841.4,3,0,0,4,GROCERY,0
21777.45,3,0,0,1,TRAVEL,0
17648.07,1,0,0,3,GROCERY,0
50562.49,1,0,0,1,SHOPPING,0
7502.13,5,0,1,3,FOOD,0
2101.3,4,0,0,2,OTHER,0
16707.82,4,0,0,3,GROCERY,0
19601.7,1,0,1,6,TRAVEL,1
12837.13,1,1,0,7,ELECTRONICS,0
3475.54,2,0,0,3,OTHER,0
10531.49,2,0,0,6,CRYPTO,0
5613.63,4,0,0,12,OTHER,0
8365.26,3,0,0,2,FOOD,0
15543.8,3,0,0,1,FOOD,0
20510.01,1,0,0,4,SHOPPING,0
3963.87,2,0,0,2,SHOPPING,0
7796.11,1,0,0,8,SHOPPING,0
4703.44,3,0,0,4,ELECTRONICS,0
3321.52,3,1,0,3,GROCERY,0
22944.66,3,0,0,4,GROCERY,0
35995.15,1,0,0,1,ELECTRONICS,0
6936.06,3,0,0,3,OTHER,0
20871.35,1,0,0,4,GAMING,0
34094.71,2,0,0,5,GROCERY,0
28074.14,5,0,0,3,OTHER,0
3028.32,7,1,0,6,SHOPPING,1
46953.32,3,0,0,4,ELECTRONICS,0
7090.34,1,0,0,2,FOOD,0
6215.48,1,0,0,6,SHOPPING,0
966.98,4,0,0,3,FOOD,0
9988.05,1,1,0,4,OTHER,0
1731.39,3,0,0,3,SHOPPING,0
4286.06,1,1,1,1,GAMING,1
5717.65,4,0,0,3,TRAVEL,0
24818.59,1,0,0,4,GROCERY,0
31250.38,1,1,1,7,SHOPPING,1
5403.07,1,0,0,2,SHOPPING,0
29352.85,1,0,0,1,ELECTRONICS,0
29197.9,2,0,0,3,FOOD,0
21700.28,2,0,0,6,CRYPTO,0
2379.58,4,0,0,5,TRAVEL,0
17583.37,4,0,0,9,GROCERY,0
43512.9,3,0,0,1,ELECTRONICS,0
17211.07,2,0,0,2,OTHER,0
6043.41,1,1,0,4,ELECTRONICS,0
10414.6,5,0,0,5,SHOPPING,0
15565.23,1,0,0,5,TRAVEL,0
10717.72,2,0,0,4,GROCERY,0
1916.7,1,0,0,4,TRAVEL,0
5610.89,2,0,0,4,SHOPPING,0
24322.36,2,0,0,1,GROCERY,0
29644.4,4,0,0,1,FOOD,0
2215.32,2,0,0,2,GROCERY,0
45669.66,8,0,0,5,SHOPPING,0
5980.83,2,0,0,4,FOOD,0
16284.57,1,0,0,1,CRYPTO,0
20904.33,6,0,0,3,ELECTRONICS,0
25065.41,3,0,0,6,ELECTRONICS,0
43712.2,4,0,0,5,SHOPPING,0
5629.56,1,0,0,2,GROCERY,0
29332.52,2,0,0,3,FOOD,0
2118.04,3,1,1,4,GAMING,0
18313.78,4,0,0,2,TRAVEL,0
20320.64,3,0,0,2,SHOPPING,0
16985.17,2,0,0,5,FOOD,0
4361.6,1,0,0,3,GROCERY,0
30958.62,3,0,0,5,GAMING,0
2774.33,2,1,0,3,GROCERY,0
826.9,4,0,0,1,GROCERY,0
18959.29,1,0,0,4,FOOD,0
9678.95,1,0,0,3,TRAVEL,0
28366.87,2,0,1,2,OTHER,1
7252.95,3,0,0,2,GROCERY,0
2763.87,1,0,0,1,SHOPPING,0
27158.83,4,1,0,4,TRAVEL,1
11941.31,3,0,0,3,GAMING,0
3145.93,4,0,0,4,ELECTRONICS,0
19115.07,1,1,0,4,GAMING,0
10734.38,4,0,1,4,SHOPPING,0
13906.98,6,0,0,4,SHOPPING,0
9267.77,4,0,0,7,TRAVEL,0
26465.87,1,1,0,7,OTHER,0
26540.82,2,0,0,3,TRAVEL,0
18536.54,2,0,0,2,TRAVEL,0
1670.7,2,0,0,6,FOOD,0
27381.65,1,0,0,9,TRAVEL,0
16676.05,5,0,0,6,TRAVEL,0
17911.53,2,1,0,1,GAMING,0
6764.38,2,0,0,1,TRAVEL,0
31714.17,1,0,0,3,GROCERY,0
19385.05,3,0,0,6,TRAVEL,0
1791.73,1,1,1,3,FOOD,1
7858.11,4,0,0,4,GROCERY,0
32623.48,2,1,0,1,GAMING,0
725.2,2,1,0,4,GROCERY,0
48824.0,5,1,0,4,TRAVEL,0
17052.31,1,1,1,6,OTHER,1
14969.67,3,1,0,5,GROCERY,0
4732.16,1,0,0,4,FOOD,0
4291.09,4,0,0,6,GAMING,0
42724.75,1,0,0,11,GROCERY,0
5313.15,2,0,0,3,CRYPTO,0
22408.55,1,0,1,4,GROCERY,1
7491.41,3,0,0,8,OTHER,0
2249.34,1,0,0,7,GROCERY,0
161.6,6,1,0,7,OTHER,1
11787.4,3,0,0,8,CRYPTO,0
55807.92,2,0,0,5,SHOPPING,0
6909.98,5,0,0,5,GAMING,0
6628.65,1,0,0,4,GROCERY,0
6326.01,2,0,0,4,GROCERY,0
11026.54,2,1,0,3,SHOPPING,0
8715.1,1,0,0,3,SHOPPING,0
31793.29,1,0,0,5,CRYPTO,0
10563.75,2,0,0,3,SHOPPING,0
10631.77,1,0,0,6,ELECTRONICS,0
2233.97,2,0,0,3,ELECTRONICS,0
60890.05,2,0,0,2,CRYPTO,0
4314.69,2,1,0,1,GAMING,1
1142.92,2,0,0,5,OTHER,0
16321.6,5,0,0,5,GROCERY,0
13571.6,7,1,0,3,FOOD,1
8045.89,2,1,1,7,OTHER,1
8227.71,1,0,0,3,GAMING,0
23061.22,3,0,1,5,FOOD,0
3266.98,1,0,0,4,OTHER,0
25743.1,1,0,0,5,CRYPTO,0
15693.73,2,0,0,3,GROCERY,0
8144.29,2,0,0,2,GAMING,0
9188.13,1,0,1,1,GAMING,1
4448.77,1,0,0,4,FOOD,0
20921.81,4,0,0,1,ELECTRONICS,0
10788.51,2,1,0,4,OTHER,0
5803.8,2,0,0,3,ELECTRONICS,0
13596.97,1,0,0,6,GAMING,0
81857.77,3,0,0,3,GROCERY,0
8570.91,1,0,0,7,ELECTRONICS,0
38016.13,10,0,0,3,FOOD,1
6347.19,1,0,0,6,GROCERY,0
844.31,1,0,0,4,TRAVEL,0
3426.9,4,0,0,5,GAMING,0
8137.2,2,0,0,4,SHOPPING,0
3719.9,3,0,0,2,OTHER,0
100.0,1,0,0,2,ELECTRONICS,0
36976.83,1,0,0,6,GROCERY,0
27856.9,1,0,0,6,OTHER,0
20338.94,3,0,0,3,GROCERY,0
2755.5,3,0,0,3,GAMING,0
1923.7,4,0,0,4,GROCERY,1
1049.98,1,0,1,4,OTHER,0
19311.9,1,0,0,3,FOOD,0
39635.61,2,0,0,5,SHOPPING,0
8445.89,3,0,0,2,SHOPPING,0
1902.86,3,1,0,4,GROCERY,0
10773.68,2,0,0,4,SHOPPING,0
6434.81,3,0,0,5,GROCERY,0
7045.85,1,1,0,7,GAMING,0
14566.38,1,0,0,5,OTHER,0
19025.97,3,0,1,4,GAMING,1
1758.18,2,0,0,2,SHOPPING,0
543.59,4,0,0,5,GROCERY,0
77589.29,4,0,1,5,GROCERY,1
3973.72,1,0,0,4,SHOPPING,0
830.0,2,0,1,6,ELECTRONICS,0
3158.51,3,0,0,4,GAMING,0
596.06,1,0,0,3,TRAVEL,0
7459.04,3,0,0,2,OTHER,0
24322.79,3,0,0,6,SHOPPING,0
6261.04,4,0,0,7,TRAVEL,0
8809.75,1,0,0,2,FOOD,0
16886.06,6,0,0,3,FOOD,0
10666.43,5,0,0,5,ELECTRONICS,0
29647.39,2,0,0,5,TRAVEL,0
30152.73,3,1,0,2,SHOPPING,0
149.4,1,0,0,3,GROCERY,0
22579.3,5,0,1,5,FOOD,0
9263.18,1,0,0,5,GROCERY,0
67432.02,6,0,1,7,TRAVEL,1
9902.42,2,0,0,5,FOOD,0
65022.5,1,0,0,6,SHOPPING,0
21071.11,2,1,0,1,TRAVEL,0
4287.35,3,0,0,2,TRAVEL,0
11595.69,1,1,0,6,TRAVEL,0
72681.21,1,0,0,2,SHOPPING,0
29229.42,3,0,0,5,SHOPPING,0
1536.59,1,0,0,4,GAMING,0
18381.62,2,1,0,9,SHOPPING,1
6360.08,3,0,0,5,SHOPPING,0
105.1,5,0,0,4,OTHER,0
7749.66,4,1,0,3,GROCERY,0
4013.38,1,0,0,3,ELECTRONICS,0
25628.04,3,0,0,5,SHOPPING,0
6172.19,1,0,0,8,CRYPTO,0
26362.43,6,0,0,5,SHOPPING,0
100.0,4,1,1,5,FOOD,0
5518.62,4,0,0,4,FOOD,0
4139.57,4,0,0,6,CRYPTO,0
3990.13,2,0,0,5,ELECTRONICS,0
1059.34,1,0,0,1,GROCERY,0
3107.66,1,0,1,4,ELECTRONICS,1
12163.75,1,0,0,2,GROCERY,0
5166.14,1,0,0,5,GROCERY,0
8103.68,1,0,0,2,TRAVEL,0
7094.93,2,0,1,5,SHOPPING,0
31300.61,3,0,0,7,CRYPTO,1
35355.46,2,0,0,2,TRAVEL,0
10187.39,2,0,0,4,OTHER,0
6010.66,3,0,0,2,CRYPTO,0
1694.18,5,1,0,6,FOOD,0
45993.25,2,0,0,2,CRYPTO,0
931.75,3,0,0,5,CRYPTO,0
5299.86,4,0,0,5,OTHER,0
5308.74,1,0,1,3,GROCERY,0
5793.79,1,0,0,3,CRYPTO,0
2692.05,4,0,0,2,GROCERY,0
22929.03,2,0,0,4,SHOPPING,0
1960.14,6,0,0,5,SHOPPING,1
15114.03,1,0,0,1,OTHER,0
1983.2,2,0,0,5,SHOPPING,0
1097.2,1,0,0,1,TRAVEL,0
36024.4,1,0,0,8,ELECTRONICS,0
3163.2,3,0,0,4,GROCERY,0
25826.52,4,0,0,3,TRAVEL,0
11799.7,4,0,0,4,SHOPPING,0
1215.82,1,0,0,3,TRAVEL,0
46666.54,4,0,0,4,GROCERY,0
4254.58,1,0,1,7,GROCERY,1
29453.74,1,0,1,3,GROCERY,1
2773.45,3,1,0,6,CRYPTO,1
28856.36,3,0,0,3,SHOPPING,0
199.76,3,0,0,3,SHOPPING,0
10754.85,1,1,0,2,SHOPPING,0
22008.83,5,0,0,2,ELECTRONICS,0
40953.41,2,0,1,4,FOOD,0
35986.79,1,0,0,6,GROCERY,0
25690.75,2,1,0,3,SHOPPING,0
32864.5,4,0,0,4,ELECTRONICS,0
3332.53,1,0,0,4,OTHER,0
5014.99,3,0,0,2,GROCERY,0
5115.58,1,0,0,6,GAMING,0
7099.43,2,0,0,5,GROCERY,0
7496.32,3,0,0,2,FOOD,0
11797.22,6,0,0,4,GROCERY,0
2613.15,4,0,0,6,OTHER,0
17628.19,2,0,0,5,ELECTRONICS,0
2751.03,2,0,0,6,SHOPPING,0
5572.66,6,0,0,9,SHOPPING,1
10497.9,5,0,0,5,TRAVEL,0
23876.96,2,1,0,3,GROCERY,0
20175.51,1,0,0,3,GROCERY,0
15557.16,5,0,0,6,CRYPTO,0
2540.01,3,0,0,6,FOOD,0
11879.45,2,0,0,4,ELECTRONICS,0
1372.63,4,0,0,5,FOOD,0
7106.88,1,0,0,7,GROCERY,0
8004.16,4,0,0,3,OTHER,0
609.38,6,0,0,5,OTHER,0
4802.83,3,0,0,5,TRAVEL,0
46734.46,3,0,0,2,SHOPPING,0
46067.38,3,0,0,3,TRAVEL,1
6515.54,4,1,0,2,SHOPPING,0
660.85,6,0,0,6,GAMING,0
2960.22,4,0,0,4,GAMING,0
7469.08,2,0,0,13,GAMING,0
44284.26,1,0,0,1,SHOPPING,0
2283.27,1,0,0,3,GAMING,0
21628.11,3,0,0,5,GROCERY,0
1725.82,2,0,0,5,GROCERY,0
59654.49,4,0,0,4,TRAVEL,1
7209.7,3,0,0,4,GROCERY,0
22390.47,4,0,1,7,TRAVEL,0
6291.74,2,0,0,3,ELECTRONICS,0
14819.58,3,0,1,4,SHOPPING,0
3198.2,5,0,0,2,GROCERY,0
2367.73,2,0,0,5,OTHER,0
41724.84,4,0,0,7,GROCERY,0
37451.16,3,0,0,2,OTHER,0
32767.89,3,0,0,2,GROCERY,0
14729.79,1,0,0,1,ELECTRONICS,0
24774.87,2,0,0,8,OTHER,0
1073.04,1,1,1,2,OTHER,1
6114.77,1,0,0,3,OTHER,0
5646.67,2,0,0,2,OTHER,0
15144.41,7,0,0,6,SHOPPING,1
6599.86,3,0,0,6,TRAVEL,0
2411.46,3,0,0,5,TRAVEL,0
13612.46,3,0,0,4,OTHER,0
25261.12,1,1,0,5,CRYPTO,0
7222.0,2,1,0,2,GAMING,1
2128.1,1,1,0,9,ELECTRONICS,1
3285.19,3,0,0,3,TRAVEL,0
4066.96,1,1,0,3,OTHER,0
5347.93,3,0,0,3,GROCERY,0
15441.68,6,0,0,2,GROCERY,0
13779.86,4,0,0,1,OTHER,0
17864.85,2,0,0,8,TRAVEL,0
6753.06,2,0,0,2,SHOPPING,0
26058.87,3,0,0,5,CRYPTO,0
3423.99,2,0,0,1,CRYPTO,0
9496.05,1,0,0,4,GROCERY,0
24212.14,3,0,0,3,GROCERY,0
2979.67,3,0,0,3,GAMING,0
1745.7,3,1,0,5,GAMING,0
32271.67,4,0,0,5,FOOD,0
6299.46,1,0,0,6,CRYPTO,0
17274.03,1,0,0,3,SHOPPING,0
385.13,1,1,0,1,SHOPPING,0
17570.01,2,0,0,2,OTHER,0
5699.18,1,0,0,2,SHOPPING,0
860.32,1,0,0,2,GROCERY,0
14116.93,2,1,0,5,FOOD,1
4132.43,1,0,0,7,FOOD,0
7336.14,2,0,0,2,OTHER,0
1260.2,2,0,0,5,FOOD,0
2387.81,4,1,0,6,SHOPPING,0
5306.84,5,0,0,5,ELECTRONICS,0
1410.7,4,0,0,7,FOOD,1
36257.53,1,0,0,4,ELECTRONICS,0
100.0,2,0,0,4,FOOD,0
9920.66,3,0,0,4,FOOD,0
1972.96,4,0,0,5,OTHER,0
5515.59,3,1,0,6,SHOPPING,0
39067.43,3,0,1,1,ELECTRONICS,0
2645.59,1,1,0,10,CRYPTO,0
50647.13,2,0,0,4,FOOD,0
3456.19,1,1,0,2,SHOPPING,0
20296.73,2,0,0,3,GAMING,0
11867.26,3,0,1,3,TRAVEL,0
32374.51,1,0,1,6,SHOPPING,1
12111.32,5,0,0,4,ELECTRONICS,0
11471.56,6,0,0,2,CRYPTO,1
3262.23,4,0,0,4,FOOD,0
2726.95,7,0,0,4,GROCERY,1
37241.68,2,0,0,3,FOOD,0
5958.84,1,0,0,6,ELECTRONICS,0
6980.19,3,0,0,2,OTHER,0
21395.73,4,0,0,2,CRYPTO,0
6206.02,3,0,0,3,FOOD,0
45567.84,4,0,0,4,OTHER,0
20087.03,4,0,0,2,GAMING,0
13648.27,2,0,0,3,ELECTRONICS,0
31916.27,3,0,0,1,ELECTRONICS,0
763.18,3,0,0,1,GAMING,0
4457.15,3,0,0,3,CRYPTO,0
9383.35,7,0,1,2,GAMING,1
3861.73,3,0,0,7,GROCERY,0
20433.11,1,0,0,4,ELECTRONICS,0
37738.17,1,0,0,3,CRYPTO,0
8268.73,2,0,0,5,GROCERY,0
6281.28,4,0,0,4,FOOD,0
48876.23,1,0,1,1,GAMING,0
8827.82,6,0,1,6,FOOD,1
10072.21,2,0,0,3,SHOPPING,0
6499.87,2,0,1,4,SHOPPING,0
36044.12,5,0,0,5,FOOD,0
12623.16,4,0,0,2,OTHER,0
21543.28,2,0,0,5,GAMING,0
25054.29,2,0,0,5,FOOD,0
6274.81,1,1,1,4,GROCERY,1
8529.32,1,0,0,4,SHOPPING,0
28304.75,2,0,0,4,SHOPPING,0
6770.8,3,0,0,6,GROCERY,0
23693.46,3,0,0,2,OTHER,0
42451.32,2,0,0,8,CRYPTO,0
14641.02,3,0,0,4,CRYPTO,0
20300.28,2,1,0,6,GAMING,0
24528.82,3,0,0,1,ELECTRONICS,0
27968.79,4,0,0,4,TRAVEL,0
7539.22,2,0,0,1,OTHER,0
789.36,1,1,0,2,ELECTRONICS,0
7709.36,1,0,0,8,TRAVEL,0
16801.66,3,0,0,4,GAMING,0
8977.11,2,1,0,7,FOOD,0
20732.33,1,0,0,7,OTHER,0
6623.75,6,0,0,7,GROCERY,0
15107.36,3,0,0,4,TRAVEL,0
3094.66,4,0,1,4,GROCERY,0
20756.63,4,1,1,5,CRYPTO,1
11834.83,5,1,0,4,OTHER,0
3423.55,3,1,0,2,SHOPPING,0
5177.79,5,0,0,8,CRYPTO,0
20711.17,4,0,1,4,FOOD,0
9884.12,2,0,0,3,GROCERY,0
3650.8,3,0,0,7,FOOD,0
51292.49,7,0,1,7,FOOD,1
18835.57,7,0,1,5,TRAVEL,1
47245.44,1,0,0,1,GAMING,0
8355.79,2,1,0,7,FOOD,0
9668.22,3,0,0,3,GROCERY,0
34235.15,2,0,0,4,FOOD,0
11168.17,6,0,0,2,FOOD,1
18428.03,2,0,0,3,FOOD,1
4358.75,3,0,0,4,FOOD,0
8878.54,4,1,0,5,SHOPPING,0
1976.42,5,0,0,7,CRYPTO,0
3459.7,2,0,0,3,GROCERY,0
100.0,3,0,0,4,CRYPTO,0
600.85,5,0,0,2,SHOPPING,0
56770.17,3,0,1,2,ELECTRONICS,1
4163.08,2,0,0,4,GAMING,0
16328.92,4,0,0,4,FOOD,0
27404.56,4,0,0,3,OTHER,0
11999.65,1,0,0,4,GROCERY,0
2493.38,1,0,0,7,SHOPPING,0
19535.72,4,0,0,5,FOOD,1
13753.79,2,0,0,4,SHOPPING,0
19709.64,4,0,0,4,SHOPPING,0
22028.62,4,0,0,3,OTHER,0
55581.46,4,0,1,4,SHOPPING,1
12784.37,2,0,0,2,ELECTRONICS,0
6270.08,6,0,0,2,OTHER,0
15681.67,6,0,0,3,SHOPPING,1
1063.43,3,0,1,2,SHOPPING,1
34153.37,3,0,1,7,OTHER,0
1906.95,2,0,0,6,GAMING,0
5958.95,2,0,0,6,OTHER,0
25371.55,1,0,0,5,SHOPPING,0
13643.91,3,0,0,5,ELECTRONICS,0
